--
-- PostgreSQL database dump
--

-- Dumped from database version 16.6 (Ubuntu 16.6-0ubuntu0.24.04.1)
-- Dumped by pg_dump version 16.6 (Ubuntu 16.6-0ubuntu0.24.04.1)

SET statement_timeout = 0;
SET lock_timeout = 0;
SET idle_in_transaction_session_timeout = 0;
SET client_encoding = 'UTF8';
SET standard_conforming_strings = on;
SELECT pg_catalog.set_config('search_path', '', false);
SET check_function_bodies = false;
SET xmloption = content;
SET client_min_messages = warning;
SET row_security = off;

--
-- Name: update_community_id_seq(); Type: FUNCTION; Schema: public; Owner: goodreads_clone_dev
--

CREATE FUNCTION public.update_community_id_seq() RETURNS trigger
    LANGUAGE plpgsql
    AS $$
BEGIN
    PERFORM setval('communities_community_id_seq', MAX(id)) FROM communities_community;
    RETURN NEW;
END;
$$;


ALTER FUNCTION public.update_community_id_seq() OWNER TO goodreads_clone_dev;

SET default_tablespace = '';

SET default_table_access_method = heap;

--
-- Name: auth_group; Type: TABLE; Schema: public; Owner: goodreads_clone_dev
--

CREATE TABLE public.auth_group (
    id integer NOT NULL,
    name character varying(150) NOT NULL
);


ALTER TABLE public.auth_group OWNER TO goodreads_clone_dev;

--
-- Name: auth_group_id_seq; Type: SEQUENCE; Schema: public; Owner: goodreads_clone_dev
--

ALTER TABLE public.auth_group ALTER COLUMN id ADD GENERATED BY DEFAULT AS IDENTITY (
    SEQUENCE NAME public.auth_group_id_seq
    START WITH 1
    INCREMENT BY 1
    NO MINVALUE
    NO MAXVALUE
    CACHE 1
);


--
-- Name: auth_group_permissions; Type: TABLE; Schema: public; Owner: goodreads_clone_dev
--

CREATE TABLE public.auth_group_permissions (
    id bigint NOT NULL,
    group_id integer NOT NULL,
    permission_id integer NOT NULL
);


ALTER TABLE public.auth_group_permissions OWNER TO goodreads_clone_dev;

--
-- Name: auth_group_permissions_id_seq; Type: SEQUENCE; Schema: public; Owner: goodreads_clone_dev
--

ALTER TABLE public.auth_group_permissions ALTER COLUMN id ADD GENERATED BY DEFAULT AS IDENTITY (
    SEQUENCE NAME public.auth_group_permissions_id_seq
    START WITH 1
    INCREMENT BY 1
    NO MINVALUE
    NO MAXVALUE
    CACHE 1
);


--
-- Name: auth_permission; Type: TABLE; Schema: public; Owner: goodreads_clone_dev
--

CREATE TABLE public.auth_permission (
    id integer NOT NULL,
    name character varying(255) NOT NULL,
    content_type_id integer NOT NULL,
    codename character varying(100) NOT NULL
);


ALTER TABLE public.auth_permission OWNER TO goodreads_clone_dev;

--
-- Name: auth_permission_id_seq; Type: SEQUENCE; Schema: public; Owner: goodreads_clone_dev
--

ALTER TABLE public.auth_permission ALTER COLUMN id ADD GENERATED BY DEFAULT AS IDENTITY (
    SEQUENCE NAME public.auth_permission_id_seq
    START WITH 1
    INCREMENT BY 1
    NO MINVALUE
    NO MAXVALUE
    CACHE 1
);


--
-- Name: books_author; Type: TABLE; Schema: public; Owner: goodreads_clone_dev
--

CREATE TABLE public.books_author (
    id bigint NOT NULL,
    name character varying(128) NOT NULL,
    birth_date date NOT NULL,
    death_date date,
    bio text,
    photo character varying(100) NOT NULL,
    added_date timestamp with time zone NOT NULL,
    slug character varying(128)
);


ALTER TABLE public.books_author OWNER TO goodreads_clone_dev;

--
-- Name: books_author_id_seq; Type: SEQUENCE; Schema: public; Owner: goodreads_clone_dev
--

ALTER TABLE public.books_author ALTER COLUMN id ADD GENERATED BY DEFAULT AS IDENTITY (
    SEQUENCE NAME public.books_author_id_seq
    START WITH 1
    INCREMENT BY 1
    NO MINVALUE
    NO MAXVALUE
    CACHE 1
);


--
-- Name: books_book; Type: TABLE; Schema: public; Owner: goodreads_clone_dev
--

CREATE TABLE public.books_book (
    id bigint NOT NULL,
    title character varying(255) NOT NULL,
    buy_link character varying(255),
    description text NOT NULL,
    pages integer NOT NULL,
    publication_date date NOT NULL,
    added_date timestamp with time zone NOT NULL,
    cover character varying(100) NOT NULL,
    avg_rating numeric(3,2) NOT NULL,
    author_id bigint,
    slug character varying(255),
    CONSTRAINT books_book_pages_check CHECK ((pages >= 0))
);


ALTER TABLE public.books_book OWNER TO goodreads_clone_dev;

--
-- Name: books_book_genres; Type: TABLE; Schema: public; Owner: goodreads_clone_dev
--

CREATE TABLE public.books_book_genres (
    id bigint NOT NULL,
    book_id bigint NOT NULL,
    genre_id bigint NOT NULL
);


ALTER TABLE public.books_book_genres OWNER TO goodreads_clone_dev;

--
-- Name: books_book_genres_id_seq; Type: SEQUENCE; Schema: public; Owner: goodreads_clone_dev
--

ALTER TABLE public.books_book_genres ALTER COLUMN id ADD GENERATED BY DEFAULT AS IDENTITY (
    SEQUENCE NAME public.books_book_genres_id_seq
    START WITH 1
    INCREMENT BY 1
    NO MINVALUE
    NO MAXVALUE
    CACHE 1
);


--
-- Name: books_book_id_seq; Type: SEQUENCE; Schema: public; Owner: goodreads_clone_dev
--

ALTER TABLE public.books_book ALTER COLUMN id ADD GENERATED BY DEFAULT AS IDENTITY (
    SEQUENCE NAME public.books_book_id_seq
    START WITH 1
    INCREMENT BY 1
    NO MINVALUE
    NO MAXVALUE
    CACHE 1
);


--
-- Name: books_bookreview; Type: TABLE; Schema: public; Owner: goodreads_clone_dev
--

CREATE TABLE public.books_bookreview (
    id bigint NOT NULL,
    content text NOT NULL,
    rating smallint NOT NULL,
    created_at timestamp with time zone NOT NULL,
    book_id bigint NOT NULL,
    user_id bigint NOT NULL,
    CONSTRAINT books_bookreview_rating_check CHECK ((rating >= 0))
);


ALTER TABLE public.books_bookreview OWNER TO goodreads_clone_dev;

--
-- Name: books_bookreview_id_seq; Type: SEQUENCE; Schema: public; Owner: goodreads_clone_dev
--

ALTER TABLE public.books_bookreview ALTER COLUMN id ADD GENERATED BY DEFAULT AS IDENTITY (
    SEQUENCE NAME public.books_bookreview_id_seq
    START WITH 1
    INCREMENT BY 1
    NO MINVALUE
    NO MAXVALUE
    CACHE 1
);


--
-- Name: books_genre; Type: TABLE; Schema: public; Owner: goodreads_clone_dev
--

CREATE TABLE public.books_genre (
    id bigint NOT NULL,
    name character varying(128) NOT NULL,
    description text,
    added_date timestamp with time zone NOT NULL
);


ALTER TABLE public.books_genre OWNER TO goodreads_clone_dev;

--
-- Name: books_genre_id_seq; Type: SEQUENCE; Schema: public; Owner: goodreads_clone_dev
--

ALTER TABLE public.books_genre ALTER COLUMN id ADD GENERATED BY DEFAULT AS IDENTITY (
    SEQUENCE NAME public.books_genre_id_seq
    START WITH 1
    INCREMENT BY 1
    NO MINVALUE
    NO MAXVALUE
    CACHE 1
);


--
-- Name: communities_comment; Type: TABLE; Schema: public; Owner: goodreads_clone_dev
--

CREATE TABLE public.communities_comment (
    id bigint NOT NULL,
    content text NOT NULL,
    created_at timestamp with time zone NOT NULL,
    updated_at timestamp with time zone NOT NULL,
    user_id bigint NOT NULL,
    post_id bigint NOT NULL
);


ALTER TABLE public.communities_comment OWNER TO goodreads_clone_dev;

--
-- Name: communities_comment_id_seq; Type: SEQUENCE; Schema: public; Owner: goodreads_clone_dev
--

ALTER TABLE public.communities_comment ALTER COLUMN id ADD GENERATED BY DEFAULT AS IDENTITY (
    SEQUENCE NAME public.communities_comment_id_seq
    START WITH 1
    INCREMENT BY 1
    NO MINVALUE
    NO MAXVALUE
    CACHE 1
);


--
-- Name: communities_community; Type: TABLE; Schema: public; Owner: goodreads_clone_dev
--

CREATE TABLE public.communities_community (
    id bigint NOT NULL,
    name character varying(255) NOT NULL,
    description text NOT NULL,
    date_added timestamp with time zone NOT NULL,
    owner_id bigint NOT NULL,
    image character varying(100) NOT NULL
);


ALTER TABLE public.communities_community OWNER TO goodreads_clone_dev;

--
-- Name: communities_community_id_seq; Type: SEQUENCE; Schema: public; Owner: goodreads_clone_dev
--

ALTER TABLE public.communities_community ALTER COLUMN id ADD GENERATED BY DEFAULT AS IDENTITY (
    SEQUENCE NAME public.communities_community_id_seq
    START WITH 1
    INCREMENT BY 1
    NO MINVALUE
    NO MAXVALUE
    CACHE 1
);


--
-- Name: communities_community_members; Type: TABLE; Schema: public; Owner: goodreads_clone_dev
--

CREATE TABLE public.communities_community_members (
    id bigint NOT NULL,
    community_id bigint NOT NULL,
    customuser_id bigint NOT NULL
);


ALTER TABLE public.communities_community_members OWNER TO goodreads_clone_dev;

--
-- Name: communities_community_members_id_seq; Type: SEQUENCE; Schema: public; Owner: goodreads_clone_dev
--

ALTER TABLE public.communities_community_members ALTER COLUMN id ADD GENERATED BY DEFAULT AS IDENTITY (
    SEQUENCE NAME public.communities_community_members_id_seq
    START WITH 1
    INCREMENT BY 1
    NO MINVALUE
    NO MAXVALUE
    CACHE 1
);


--
-- Name: communities_like; Type: TABLE; Schema: public; Owner: goodreads_clone_dev
--

CREATE TABLE public.communities_like (
    id bigint NOT NULL,
    created_at timestamp with time zone NOT NULL,
    user_id bigint NOT NULL,
    post_id bigint NOT NULL
);


ALTER TABLE public.communities_like OWNER TO goodreads_clone_dev;

--
-- Name: communities_like_id_seq; Type: SEQUENCE; Schema: public; Owner: goodreads_clone_dev
--

ALTER TABLE public.communities_like ALTER COLUMN id ADD GENERATED BY DEFAULT AS IDENTITY (
    SEQUENCE NAME public.communities_like_id_seq
    START WITH 1
    INCREMENT BY 1
    NO MINVALUE
    NO MAXVALUE
    CACHE 1
);


--
-- Name: communities_post; Type: TABLE; Schema: public; Owner: goodreads_clone_dev
--

CREATE TABLE public.communities_post (
    id bigint NOT NULL,
    content text NOT NULL,
    created_at timestamp with time zone NOT NULL,
    updated_at timestamp with time zone NOT NULL,
    community_id bigint NOT NULL,
    user_id bigint NOT NULL
);


ALTER TABLE public.communities_post OWNER TO goodreads_clone_dev;

--
-- Name: communities_post_id_seq; Type: SEQUENCE; Schema: public; Owner: goodreads_clone_dev
--

ALTER TABLE public.communities_post ALTER COLUMN id ADD GENERATED BY DEFAULT AS IDENTITY (
    SEQUENCE NAME public.communities_post_id_seq
    START WITH 1
    INCREMENT BY 1
    NO MINVALUE
    NO MAXVALUE
    CACHE 1
);


--
-- Name: django_admin_log; Type: TABLE; Schema: public; Owner: goodreads_clone_dev
--

CREATE TABLE public.django_admin_log (
    id integer NOT NULL,
    action_time timestamp with time zone NOT NULL,
    object_id text,
    object_repr character varying(200) NOT NULL,
    action_flag smallint NOT NULL,
    change_message text NOT NULL,
    content_type_id integer,
    user_id bigint NOT NULL,
    CONSTRAINT django_admin_log_action_flag_check CHECK ((action_flag >= 0))
);


ALTER TABLE public.django_admin_log OWNER TO goodreads_clone_dev;

--
-- Name: django_admin_log_id_seq; Type: SEQUENCE; Schema: public; Owner: goodreads_clone_dev
--

ALTER TABLE public.django_admin_log ALTER COLUMN id ADD GENERATED BY DEFAULT AS IDENTITY (
    SEQUENCE NAME public.django_admin_log_id_seq
    START WITH 1
    INCREMENT BY 1
    NO MINVALUE
    NO MAXVALUE
    CACHE 1
);


--
-- Name: django_content_type; Type: TABLE; Schema: public; Owner: goodreads_clone_dev
--

CREATE TABLE public.django_content_type (
    id integer NOT NULL,
    app_label character varying(100) NOT NULL,
    model character varying(100) NOT NULL
);


ALTER TABLE public.django_content_type OWNER TO goodreads_clone_dev;

--
-- Name: django_content_type_id_seq; Type: SEQUENCE; Schema: public; Owner: goodreads_clone_dev
--

ALTER TABLE public.django_content_type ALTER COLUMN id ADD GENERATED BY DEFAULT AS IDENTITY (
    SEQUENCE NAME public.django_content_type_id_seq
    START WITH 1
    INCREMENT BY 1
    NO MINVALUE
    NO MAXVALUE
    CACHE 1
);


--
-- Name: django_migrations; Type: TABLE; Schema: public; Owner: goodreads_clone_dev
--

CREATE TABLE public.django_migrations (
    id bigint NOT NULL,
    app character varying(255) NOT NULL,
    name character varying(255) NOT NULL,
    applied timestamp with time zone NOT NULL
);


ALTER TABLE public.django_migrations OWNER TO goodreads_clone_dev;

--
-- Name: django_migrations_id_seq; Type: SEQUENCE; Schema: public; Owner: goodreads_clone_dev
--

ALTER TABLE public.django_migrations ALTER COLUMN id ADD GENERATED BY DEFAULT AS IDENTITY (
    SEQUENCE NAME public.django_migrations_id_seq
    START WITH 1
    INCREMENT BY 1
    NO MINVALUE
    NO MAXVALUE
    CACHE 1
);


--
-- Name: django_session; Type: TABLE; Schema: public; Owner: goodreads_clone_dev
--

CREATE TABLE public.django_session (
    session_key character varying(40) NOT NULL,
    session_data text NOT NULL,
    expire_date timestamp with time zone NOT NULL
);


ALTER TABLE public.django_session OWNER TO goodreads_clone_dev;

--
-- Name: shelves_shelf; Type: TABLE; Schema: public; Owner: goodreads_clone_dev
--

CREATE TABLE public.shelves_shelf (
    id bigint NOT NULL,
    name character varying(128) NOT NULL,
    is_default boolean NOT NULL,
    user_id bigint NOT NULL,
    image character varying(100)
);


ALTER TABLE public.shelves_shelf OWNER TO goodreads_clone_dev;

--
-- Name: shelves_shelf_id_seq; Type: SEQUENCE; Schema: public; Owner: goodreads_clone_dev
--

ALTER TABLE public.shelves_shelf ALTER COLUMN id ADD GENERATED BY DEFAULT AS IDENTITY (
    SEQUENCE NAME public.shelves_shelf_id_seq
    START WITH 1
    INCREMENT BY 1
    NO MINVALUE
    NO MAXVALUE
    CACHE 1
);


--
-- Name: shelves_shelfbook; Type: TABLE; Schema: public; Owner: goodreads_clone_dev
--

CREATE TABLE public.shelves_shelfbook (
    id bigint NOT NULL,
    book_id bigint NOT NULL,
    shelf_id bigint NOT NULL,
    current_page integer NOT NULL,
    date_added timestamp with time zone NOT NULL,
    notes text NOT NULL,
    date_finished timestamp with time zone,
    CONSTRAINT shelves_shelfbook_current_page_check CHECK ((current_page >= 0))
);


ALTER TABLE public.shelves_shelfbook OWNER TO goodreads_clone_dev;

--
-- Name: shelves_shelfbook_id_seq; Type: SEQUENCE; Schema: public; Owner: goodreads_clone_dev
--

ALTER TABLE public.shelves_shelfbook ALTER COLUMN id ADD GENERATED BY DEFAULT AS IDENTITY (
    SEQUENCE NAME public.shelves_shelfbook_id_seq
    START WITH 1
    INCREMENT BY 1
    NO MINVALUE
    NO MAXVALUE
    CACHE 1
);


--
-- Name: users_customuser; Type: TABLE; Schema: public; Owner: goodreads_clone_dev
--

CREATE TABLE public.users_customuser (
    id bigint NOT NULL,
    password character varying(128) NOT NULL,
    last_login timestamp with time zone,
    is_superuser boolean NOT NULL,
    username character varying(150) NOT NULL,
    first_name character varying(150) NOT NULL,
    last_name character varying(150) NOT NULL,
    is_staff boolean NOT NULL,
    is_active boolean NOT NULL,
    date_joined timestamp with time zone NOT NULL,
    email character varying(254) NOT NULL,
    bio text NOT NULL,
    image character varying(100) NOT NULL
);


ALTER TABLE public.users_customuser OWNER TO goodreads_clone_dev;

--
-- Name: users_customuser_groups; Type: TABLE; Schema: public; Owner: goodreads_clone_dev
--

CREATE TABLE public.users_customuser_groups (
    id bigint NOT NULL,
    customuser_id bigint NOT NULL,
    group_id integer NOT NULL
);


ALTER TABLE public.users_customuser_groups OWNER TO goodreads_clone_dev;

--
-- Name: users_customuser_groups_id_seq; Type: SEQUENCE; Schema: public; Owner: goodreads_clone_dev
--

ALTER TABLE public.users_customuser_groups ALTER COLUMN id ADD GENERATED BY DEFAULT AS IDENTITY (
    SEQUENCE NAME public.users_customuser_groups_id_seq
    START WITH 1
    INCREMENT BY 1
    NO MINVALUE
    NO MAXVALUE
    CACHE 1
);


--
-- Name: users_customuser_id_seq; Type: SEQUENCE; Schema: public; Owner: goodreads_clone_dev
--

ALTER TABLE public.users_customuser ALTER COLUMN id ADD GENERATED BY DEFAULT AS IDENTITY (
    SEQUENCE NAME public.users_customuser_id_seq
    START WITH 1
    INCREMENT BY 1
    NO MINVALUE
    NO MAXVALUE
    CACHE 1
);


--
-- Name: users_customuser_user_permissions; Type: TABLE; Schema: public; Owner: goodreads_clone_dev
--

CREATE TABLE public.users_customuser_user_permissions (
    id bigint NOT NULL,
    customuser_id bigint NOT NULL,
    permission_id integer NOT NULL
);


ALTER TABLE public.users_customuser_user_permissions OWNER TO goodreads_clone_dev;

--
-- Name: users_customuser_user_permissions_id_seq; Type: SEQUENCE; Schema: public; Owner: goodreads_clone_dev
--

ALTER TABLE public.users_customuser_user_permissions ALTER COLUMN id ADD GENERATED BY DEFAULT AS IDENTITY (
    SEQUENCE NAME public.users_customuser_user_permissions_id_seq
    START WITH 1
    INCREMENT BY 1
    NO MINVALUE
    NO MAXVALUE
    CACHE 1
);


--
-- Data for Name: auth_group; Type: TABLE DATA; Schema: public; Owner: goodreads_clone_dev
--

COPY public.auth_group (id, name) FROM stdin;
\.


--
-- Data for Name: auth_group_permissions; Type: TABLE DATA; Schema: public; Owner: goodreads_clone_dev
--

COPY public.auth_group_permissions (id, group_id, permission_id) FROM stdin;
\.


--
-- Data for Name: auth_permission; Type: TABLE DATA; Schema: public; Owner: goodreads_clone_dev
--

COPY public.auth_permission (id, name, content_type_id, codename) FROM stdin;
1	Can add log entry	1	add_logentry
2	Can change log entry	1	change_logentry
3	Can delete log entry	1	delete_logentry
4	Can view log entry	1	view_logentry
5	Can add permission	2	add_permission
6	Can change permission	2	change_permission
7	Can delete permission	2	delete_permission
8	Can view permission	2	view_permission
9	Can add group	3	add_group
10	Can change group	3	change_group
11	Can delete group	3	delete_group
12	Can view group	3	view_group
13	Can add content type	4	add_contenttype
14	Can change content type	4	change_contenttype
15	Can delete content type	4	delete_contenttype
16	Can view content type	4	view_contenttype
17	Can add session	5	add_session
18	Can change session	5	change_session
19	Can delete session	5	delete_session
20	Can view session	5	view_session
21	Can add author	6	add_author
22	Can change author	6	change_author
23	Can delete author	6	delete_author
24	Can view author	6	view_author
25	Can add genre	7	add_genre
26	Can change genre	7	change_genre
27	Can delete genre	7	delete_genre
28	Can view genre	7	view_genre
29	Can add book	8	add_book
30	Can change book	8	change_book
31	Can delete book	8	delete_book
32	Can view book	8	view_book
33	Can add book review	18	add_bookreview
34	Can change book review	18	change_bookreview
35	Can delete book review	18	delete_bookreview
36	Can view book review	18	view_bookreview
37	Can add custom user	9	add_customuser
38	Can change custom user	9	change_customuser
39	Can delete custom user	9	delete_customuser
40	Can view custom user	9	view_customuser
41	Can add shelf	12	add_shelf
42	Can change shelf	12	change_shelf
43	Can delete shelf	12	delete_shelf
44	Can view shelf	12	view_shelf
45	Can add shelf book	13	add_shelfbook
46	Can change shelf book	13	change_shelfbook
47	Can delete shelf book	13	delete_shelfbook
48	Can view shelf book	13	view_shelfbook
49	Can add post	17	add_post
50	Can change post	17	change_post
51	Can delete post	17	delete_post
52	Can view post	17	view_post
53	Can add like	16	add_like
54	Can change like	16	change_like
55	Can delete like	16	delete_like
56	Can view like	16	view_like
57	Can add comment	14	add_comment
58	Can change comment	14	change_comment
59	Can delete comment	14	delete_comment
60	Can view comment	14	view_comment
61	Can add community	15	add_community
62	Can change community	15	change_community
63	Can delete community	15	delete_community
64	Can view community	15	view_community
\.


--
-- Data for Name: books_author; Type: TABLE DATA; Schema: public; Owner: goodreads_clone_dev
--

COPY public.books_author (id, name, birth_date, death_date, bio, photo, added_date, slug) FROM stdin;
1	Mo Salah	2024-12-03	2024-12-23	The best player in preimer leauge	default_author.png	2024-12-25 22:56:58.035311+02	\N
21	F. Scott Fitzgerald	1896-09-24	1940-12-21	American novelist and short story writer.	default_author.png	2024-01-01 00:00:00+02	\N
2	J.K. Rowling	1965-07-31	\N	British author, best known for the Harry Potter series.	default_author.png	2024-01-01 00:00:00+02	\N
3	George Orwell	1903-06-25	1950-01-21	English novelist, essayist, journalist, and critic.	default_author.png	2024-01-01 00:00:00+02	\N
4	Jane Austen	1775-12-16	1817-07-18	English novelist known for her six major novels.	default_author.png	2024-01-01 00:00:00+02	\N
5	Mark Twain	1835-11-30	1910-04-21	American writer, humorist, entrepreneur, publisher, and lecturer.	default_author.png	2024-01-01 00:00:00+02	\N
6	Ernest Hemingway	1899-07-21	1961-07-02	American novelist, short story writer, and journalist.	default_author.png	2024-01-01 00:00:00+02	\N
7	Charles Dickens	1812-02-07	1870-06-09	English writer and social critic.	default_author.png	2024-01-01 00:00:00+02	\N
8	Leo Tolstoy	1828-09-09	1910-11-20	Russian writer who is regarded as one of the greatest authors of all time.	default_author.png	2024-01-01 00:00:00+02	\N
9	Agatha Christie	1890-09-15	1976-01-12	English writer known for her sixty-six detective novels.	default_author.png	2024-01-01 00:00:00+02	\N
10	J.R.R. Tolkien	1892-01-03	1973-09-02	English writer, poet, philologist, and academic.	default_author.png	2024-01-01 00:00:00+02	\N
11	Virginia Woolf	1882-01-25	1941-03-28	English writer, considered one of the most important modernist 20th-century authors.	default_author.png	2024-01-01 00:00:00+02	\N
12	H.G. Wells	1866-09-21	1946-08-13	English writer in many genres, including the novel, history, politics, social commentary, and textbooks.	default_author.png	2024-01-01 00:00:00+02	\N
13	Isaac Asimov	1920-01-02	1992-04-06	American writer and professor of biochemistry, known for his works of science fiction and popular science.	default_author.png	2024-01-01 00:00:00+02	\N
14	Arthur Conan Doyle	1859-05-22	1930-07-07	British writer and physician, known for his Sherlock Holmes stories.	default_author.png	2024-01-01 00:00:00+02	\N
15	Edgar Allan Poe	1809-01-19	1849-10-07	American writer, poet, editor, and literary critic.	default_author.png	2024-01-01 00:00:00+02	\N
16	Homer	1809-01-19	\N	Ancient Greek epic poet, traditionally said to be the author of the epic poems the Iliad and the Odyssey.	default_author.png	2024-01-01 00:00:00+02	\N
17	William Shakespeare	1564-04-23	1616-04-23	English playwright, poet, and actor, widely regarded as the greatest writer in the English language.	default_author.png	2024-01-01 00:00:00+02	\N
18	Fyodor Dostoevsky	1821-11-11	1881-02-09	Russian novelist, short story writer, essayist, journalist, and philosopher.	default_author.png	2024-01-01 00:00:00+02	\N
19	Gabriel Garcia Marquez	1927-03-06	2014-04-17	Colombian novelist, short-story writer, screenwriter, and journalist.	default_author.png	2024-01-01 00:00:00+02	\N
20	Harper Lee	1926-04-28	2016-02-19	American novelist widely known for To Kill a Mockingbird.	default_author.png	2024-01-01 00:00:00+02	\N
\.


--
-- Data for Name: books_book; Type: TABLE DATA; Schema: public; Owner: goodreads_clone_dev
--

COPY public.books_book (id, title, buy_link, description, pages, publication_date, added_date, cover, avg_rating, author_id, slug) FROM stdin;
1	The Great Gatsby	https://example.com/gatsby	A novel by F. Scott Fitzgerald.	180	1925-04-10	2024-01-01 00:00:00+02	default_book.png	4.50	1	\N
2	Harry Potter and the Philosopher\\Stone	https://example.com/harrypotter1	A novel by J.K. Rowling.	223	1997-06-26	2024-01-01 00:00:00+02	default_book.png	4.80	2	\N
3	1984	https://example.com/1984	A novel by George Orwell.	328	1949-06-08	2024-01-01 00:00:00+02	default_book.png	4.70	3	\N
4	Pride and Prejudice	https://example.com/prideandprejudice	A novel by Jane Austen.	279	1813-01-28	2024-01-01 00:00:00+02	default_book.png	4.60	4	\N
5	The Adventures of Huckleberry Finn	https://example.com/huckfinn	A novel by Mark Twain.	366	1884-12-10	2024-01-01 00:00:00+02	default_book.png	4.40	5	\N
6	The Old Man and the Sea	https://example.com/oldmansea	A novel by Ernest Hemingway.	127	1952-09-01	2024-01-01 00:00:00+02	default_book.png	4.30	6	\N
7	A Tale of Two Cities	https://example.com/twocities	A novel by Charles Dickens.	489	1859-04-30	2024-01-01 00:00:00+02	default_book.png	4.50	7	\N
8	War and Peace	https://example.com/warandpeace	A novel by Leo Tolstoy.	1225	1869-01-01	2024-01-01 00:00:00+02	default_book.png	4.60	8	\N
9	Murder on the Orient Express	https://example.com/orientexpress	A novel by Agatha Christie.	256	1934-01-01	2024-01-01 00:00:00+02	default_book.png	4.70	9	\N
10	The Hobbit	https://example.com/hobbit	A novel by J.R.R. Tolkien.	310	1937-09-21	2024-01-01 00:00:00+02	default_book.png	4.80	10	\N
11	To the Lighthouse	https://example.com/lighthouse	A novel by Virginia Woolf.	209	1927-05-05	2024-01-01 00:00:00+02	default_book.png	4.40	11	\N
12	The War of the Worlds	https://example.com/warworlds	A novel by H.G. Wells.	192	1898-01-01	2024-01-01 00:00:00+02	default_book.png	4.50	12	\N
13	Foundation	https://example.com/foundation	A novel by Isaac Asimov.	255	1951-01-01	2024-01-01 00:00:00+02	default_book.png	4.60	13	\N
14	The Hound of the Baskervilles	https://example.com/baskervilles	A novel by Arthur Conan Doyle.	256	1902-01-01	2024-01-01 00:00:00+02	default_book.png	4.70	14	\N
15	The Raven	https://example.com/raven	A poem by Edgar Allan Poe.	64	1845-01-01	2024-01-01 00:00:00+02	default_book.png	4.80	15	\N
16	The Iliad	https://example.com/iliad	An epic poem by Homer.	704	1603-01-01	2024-01-01 00:00:00+02	default_book.png	4.90	16	\N
17	Hamlet	https://example.com/hamlet	A play by William Shakespeare.	200	1603-01-01	2024-01-01 00:00:00+02	default_book.png	4.80	17	\N
18	Crime and Punishment	https://example.com/crimepunishment	A novel by Fyodor Dostoevsky.	671	1866-01-01	2024-01-01 00:00:00+02	default_book.png	4.70	18	\N
19	One Hundred Years of Solitude	https://example.com/solitude	A novel by Gabriel Garcia Marquez.	417	1967-01-01	2024-01-01 00:00:00+02	default_book.png	4.80	19	\N
20	To Kill a Mockingbird	https://example.com/mockingbird	A novel by Harper Lee.	281	1960-07-11	2024-01-01 00:00:00+02	default_book.png	4.00	20	to-kill-a-mockingbird
\.


--
-- Data for Name: books_book_genres; Type: TABLE DATA; Schema: public; Owner: goodreads_clone_dev
--

COPY public.books_book_genres (id, book_id, genre_id) FROM stdin;
\.


--
-- Data for Name: books_bookreview; Type: TABLE DATA; Schema: public; Owner: goodreads_clone_dev
--

COPY public.books_bookreview (id, content, rating, created_at, book_id, user_id) FROM stdin;
1	it's good inti	4	2025-01-05 06:44:06.882056+02	20	31
\.


--
-- Data for Name: books_genre; Type: TABLE DATA; Schema: public; Owner: goodreads_clone_dev
--

COPY public.books_genre (id, name, description, added_date) FROM stdin;
1	Nancy	Romance and love	2024-12-25 23:01:17.306345+02
9	Fiction	Literary works invented by the imagination, such as novels or short stories.	2024-01-01 00:00:00+02
2	Non-Fiction	Literary works based on facts and real events.	2024-01-01 00:00:00+02
3	Science Fiction	Literary genre based on imagined future scientific or technological advances.	2024-01-01 00:00:00+02
4	Fantasy	Literary genre that uses magic and other supernatural elements as a primary plot element.	2024-01-01 00:00:00+02
5	Mystery	Literary genre involving suspenseful and thrilling plots.	2024-01-01 00:00:00+02
6	Romance	Literary genre focused on romantic relationships.	2024-01-01 00:00:00+02
7	Horror	Literary genre intended to scare, unsettle, or horrify the reader.	2024-01-01 00:00:00+02
8	Thriller	Literary genre characterized by excitement, suspense, and high stakes.	2024-01-01 00:00:00+02
\.


--
-- Data for Name: communities_comment; Type: TABLE DATA; Schema: public; Owner: goodreads_clone_dev
--

COPY public.communities_comment (id, content, created_at, updated_at, user_id, post_id) FROM stdin;
7	Thanks for sharing!	2024-01-07 00:00:00+02	2024-01-07 00:00:00+02	7	7
9	I learned a lot from this post!	2024-01-09 00:00:00+02	2024-01-09 00:00:00+02	9	9
10	This post is very helpful!	2024-01-10 00:00:00+02	2024-01-10 00:00:00+02	10	10
11	I love this post!	2024-01-11 00:00:00+02	2024-01-11 00:00:00+02	11	11
12	Great insights!	2024-01-12 00:00:00+02	2024-01-12 00:00:00+02	12	12
13	Very informative!	2024-01-13 00:00:00+02	2024-01-13 00:00:00+02	13	13
14	I enjoyed reading this post!	2024-01-14 00:00:00+02	2024-01-14 00:00:00+02	14	14
15	This post is very engaging!	2024-01-15 00:00:00+02	2024-01-15 00:00:00+02	15	15
16	I appreciate this post!	2024-01-16 00:00:00+02	2024-01-16 00:00:00+02	16	16
17	This post is very well-written!	2024-01-17 00:00:00+02	2024-01-17 00:00:00+02	17	17
18	I found this post very useful!	2024-01-18 00:00:00+02	2024-01-18 00:00:00+02	18	18
19	This post is very insightful!	2024-01-19 00:00:00+02	2024-01-19 00:00:00+02	19	19
20	I really enjoyed this post!	2024-01-20 00:00:00+02	2024-01-20 00:00:00+02	20	20
47	that is a great post	2025-01-09 12:06:09.428827+02	2025-01-09 12:06:09.428839+02	36	45
\.


--
-- Data for Name: communities_community; Type: TABLE DATA; Schema: public; Owner: goodreads_clone_dev
--

COPY public.communities_community (id, name, description, date_added, owner_id, image) FROM stdin;
3	Mystery Solvers	A community for mystery novel lovers.	2024-01-01 00:00:00+02	3	default_community_image.jpeg
4	Fantasy Realm	A community for fantasy book fans.	2024-01-01 00:00:00+02	4	default_community_image.jpeg
5	Romance Readers	A community for romance novel enthusiasts.	2024-01-01 00:00:00+02	5	default_community_image.jpeg
6	Thriller Seekers	A community for thriller book fans.	2024-01-01 00:00:00+02	6	default_community_image.jpeg
7	Horror House	A community for horror book lovers.	2024-01-01 00:00:00+02	7	default_community_image.jpeg
9	Adventure Club	A community for adventure book fans.	2024-01-01 00:00:00+02	9	default_community_image.jpeg
10	Dystopian Society	A community for dystopian novel lovers.	2024-01-01 00:00:00+02	10	default_community_image.jpeg
11	Graphic Novel Group	A community for graphic novel enthusiasts.	2024-01-01 00:00:00+02	11	default_community_image.jpeg
12	Self-Help Circle	A community for self-help book readers.	2024-01-01 00:00:00+02	12	default_community_image.jpeg
13	Cookbook Club	A community for cookbook enthusiasts.	2024-01-01 00:00:00+02	13	default_community_image.jpeg
14	Travel Tales	A community for travel book lovers.	2024-01-01 00:00:00+02	14	default_community_image.jpeg
15	Memoir Mavens	A community for memoir enthusiasts.	2024-01-01 00:00:00+02	15	default_community_image.jpeg
16	Historical Fiction Fans	A community for historical fiction lovers.	2024-01-01 00:00:00+02	16	default_community_image.jpeg
17	Biographies Club	A community for biography readers.	2024-01-01 00:00:00+02	17	default_community_image.jpeg
18	Non-Fiction Network	A community for non-fiction book enthusiasts.	2024-01-01 00:00:00+02	18	default_community_image.jpeg
19	Classics Club	A community for classic literature lovers.	2024-01-01 00:00:00+02	19	default_community_image.jpeg
20	Young Adult Readers	A community for young adult book fans.	2024-01-01 00:00:00+02	20	default_community_image.jpeg
2	Sci-Fi Fans	A new description for the community	2024-01-01 00:00:00+02	5	community_images/Sci-Fi Fans/cover.jpeg
76	blue origin	for blue origin employees	2025-01-09 11:34:57.423118+02	36	default_community_image.jpeg
77	amazon	this for amazon employees and customers	2025-01-09 12:03:02.58181+02	36	default_community_image.jpeg
\.


--
-- Data for Name: communities_community_members; Type: TABLE DATA; Schema: public; Owner: goodreads_clone_dev
--

COPY public.communities_community_members (id, community_id, customuser_id) FROM stdin;
16	7	17
41	7	9
42	7	19
47	5	31
48	2	31
54	76	36
56	77	36
58	77	37
\.


--
-- Data for Name: communities_like; Type: TABLE DATA; Schema: public; Owner: goodreads_clone_dev
--

COPY public.communities_like (id, created_at, user_id, post_id) FROM stdin;
4	2024-01-04 00:00:00+02	4	4
5	2024-01-05 00:00:00+02	5	5
7	2024-01-07 00:00:00+02	7	7
9	2024-01-09 00:00:00+02	9	9
10	2024-01-10 00:00:00+02	10	10
11	2024-01-11 00:00:00+02	11	11
12	2024-01-12 00:00:00+02	12	12
13	2024-01-13 00:00:00+02	13	13
14	2024-01-14 00:00:00+02	14	14
15	2024-01-15 00:00:00+02	15	15
16	2024-01-16 00:00:00+02	16	16
17	2024-01-17 00:00:00+02	17	17
18	2024-01-18 00:00:00+02	18	18
19	2024-01-19 00:00:00+02	19	19
20	2024-01-20 00:00:00+02	20	20
30	2024-12-28 21:23:51.403731+02	5	2
31	2025-01-02 04:44:04.365268+02	8	7
32	2025-01-02 04:50:40.750089+02	9	7
33	2025-01-02 04:54:03.035433+02	10	7
35	2025-01-02 04:55:42.968242+02	13	7
38	2025-01-02 15:48:28.146426+02	1	2
39	2025-01-09 12:05:39.570445+02	36	45
\.


--
-- Data for Name: communities_post; Type: TABLE DATA; Schema: public; Owner: goodreads_clone_dev
--

COPY public.communities_post (id, content, created_at, updated_at, community_id, user_id) FROM stdin;
4	Fantasy Realm community welcomes you!	2024-01-04 00:00:00+02	2024-01-04 00:00:00+02	4	4
7	Welcome to the Horror House community!	2024-01-07 00:00:00+02	2024-01-07 00:00:00+02	7	7
9	Adventure Club community welcomes you!	2024-01-09 00:00:00+02	2024-01-09 00:00:00+02	9	9
10	Dystopian Society community is live!	2024-01-10 00:00:00+02	2024-01-10 00:00:00+02	10	10
11	Graphic Novel Group community is here!	2024-01-11 00:00:00+02	2024-01-11 00:00:00+02	11	11
12	Self-Help Circle community welcomes you!	2024-01-12 00:00:00+02	2024-01-12 00:00:00+02	12	12
13	Cookbook Club community is now open!	2024-01-13 00:00:00+02	2024-01-13 00:00:00+02	13	13
14	Travel Tales community welcomes you!	2024-01-14 00:00:00+02	2024-01-14 00:00:00+02	14	14
15	Memoir Mavens community is live!	2024-01-15 00:00:00+02	2024-01-15 00:00:00+02	15	15
16	Historical Fiction Fans community is here!	2024-01-16 00:00:00+02	2024-01-16 00:00:00+02	16	16
17	Biographies Club community welcomes you!	2024-01-17 00:00:00+02	2024-01-17 00:00:00+02	17	17
18	Non-Fiction Network community is live!	2024-01-18 00:00:00+02	2024-01-18 00:00:00+02	18	18
19	Classics Club community is now open!	2024-01-19 00:00:00+02	2024-01-19 00:00:00+02	19	19
20	Young Adult Readers community welcomes you!	2024-01-20 00:00:00+02	2024-01-20 00:00:00+02	20	20
21	This is the first post in the Book Lovers community.	2024-12-28 14:16:42.468108+02	2024-12-28 14:16:42.468122+02	2	2
5	don't join us mate	2024-01-05 00:00:00+02	2025-01-01 19:18:13.118783+02	5	5
2	Welcome to the Sci-Fi Fans community	2024-01-02 00:00:00+02	2025-01-02 17:08:03.048168+02	2	2
44	this is my first post	2025-01-09 11:37:55.446032+02	2025-01-09 11:37:55.446066+02	76	36
45	this is Jeff Bezos posting	2025-01-09 12:05:12.428185+02	2025-01-09 12:05:12.428196+02	77	36
\.


--
-- Data for Name: django_admin_log; Type: TABLE DATA; Schema: public; Owner: goodreads_clone_dev
--

COPY public.django_admin_log (id, action_time, object_id, object_repr, action_flag, change_message, content_type_id, user_id) FROM stdin;
1	2024-12-25 22:56:58.044429+02	1	Mo Salah	1	[{"added": {}}]	6	1
2	2024-12-25 23:01:17.309878+02	1	Nancy	1	[{"added": {}}]	7	1
3	2024-12-27 19:35:23.671317+02	25	chithead | id:25	1	[{"added": {}}]	9	1
4	2024-12-27 19:39:42.586077+02	21	mocommunity	1	[{"added": {}}]	15	1
5	2024-12-28 21:14:34.687149+02	23	Post by Nancyagram at 2024-12-28 19:14:34.670927+00:00	1	[{"added": {}}, {"added": {"name": "like", "object": "Nancyagram liked Post by Nancyagram at 2024-12-28 19:14:34.670927+00:00 on 2024-12-28 19:14:34.676421+00:00"}}, {"added": {"name": "like", "object": "mo liked Post by Nancyagram at 2024-12-28 19:14:34.670927+00:00 on 2024-12-28 19:14:34.679613+00:00"}}, {"added": {"name": "like", "object": "bob_jones liked Post by Nancyagram at 2024-12-28 19:14:34.670927+00:00 on 2024-12-28 19:14:34.681278+00:00"}}, {"added": {"name": "comment", "object": "elon_musk commented on Post by Nancyagram at 2024-12-28 19:14:34.670927+00:00: yeah fuck the president... (2024-12-28 19:14:34.683304+00:00)"}}]	17	1
6	2024-12-28 21:15:49.382686+02	24	Post by Nancyagram at 2024-12-28 19:15:49.376599+00:00	1	[{"added": {}}, {"added": {"name": "like", "object": "Nancyagram liked Post by Nancyagram at 2024-12-28 19:15:49.376599+00:00 on 2024-12-28 19:15:49.378086+00:00"}}, {"added": {"name": "like", "object": "mo liked Post by Nancyagram at 2024-12-28 19:15:49.376599+00:00 on 2024-12-28 19:15:49.379491+00:00"}}, {"added": {"name": "like", "object": "bob_jones liked Post by Nancyagram at 2024-12-28 19:15:49.376599+00:00 on 2024-12-28 19:15:49.380566+00:00"}}, {"added": {"name": "comment", "object": "elon_musk commented on Post by Nancyagram at 2024-12-28 19:15:49.376599+00:00: yeah fuck the president... (2024-12-28 19:15:49.381472+00:00)"}}]	17	1
7	2025-01-03 21:33:44.827761+02	27	emmawatson | id:27	1	[{"added": {}}]	9	1
8	2025-01-04 23:50:53.639136+02	29	bloodytokens | id:29	1	[{"added": {}}]	9	1
9	2025-01-07 18:21:32.473456+02	33	motheman | id:33	2	[{"changed": {"fields": ["Active"]}}]	9	1
10	2025-01-07 19:01:00.783321+02	8	555555	3		15	1
11	2025-01-07 19:01:23.554703+02	22	greatmocommunity	3		15	1
12	2025-01-07 19:01:33.783643+02	21	mocommunity	3		15	1
13	2025-01-07 20:33:37.376027+02	35	jeffbezos | id:35	2	[{"changed": {"fields": ["Active"]}}]	9	1
14	2025-01-09 11:23:03.351124+02	35	jeffbezos | id:35	3		9	1
15	2025-01-09 11:23:21.158927+02	22	elon_musk | id:22	3		9	1
16	2025-01-09 11:23:32.683395+02	23	elonmusk | id:23	3		9	1
17	2025-01-09 11:25:50.401237+02	37	elonmusk | id:37	2	[{"changed": {"fields": ["Active"]}}]	9	1
18	2025-01-09 11:26:14.1816+02	36	jeffbezos | id:36	2	[{"changed": {"fields": ["Active"]}}]	9	1
\.


--
-- Data for Name: django_content_type; Type: TABLE DATA; Schema: public; Owner: goodreads_clone_dev
--

COPY public.django_content_type (id, app_label, model) FROM stdin;
1	admin	logentry
2	auth	permission
3	auth	group
4	contenttypes	contenttype
5	sessions	session
6	books	author
7	books	genre
8	books	book
9	users	customuser
10	users	bookreview
11	users	favorite
12	shelves	shelf
13	shelves	shelfbook
14	communities	comment
15	communities	community
16	communities	like
17	communities	post
18	books	bookreview
\.


--
-- Data for Name: django_migrations; Type: TABLE DATA; Schema: public; Owner: goodreads_clone_dev
--

COPY public.django_migrations (id, app, name, applied) FROM stdin;
1	books	0001_initial	2024-12-25 22:36:00.262552+02
2	contenttypes	0001_initial	2024-12-25 22:36:00.277933+02
3	contenttypes	0002_remove_content_type_name	2024-12-25 22:36:00.295016+02
16	users	0001_initial	2024-12-25 22:36:00.69527+02
17	admin	0001_initial	2024-12-25 22:36:00.73714+02
18	admin	0002_logentry_remove_auto_add	2024-12-25 22:36:00.74626+02
19	admin	0003_logentry_add_action_flag_choices	2024-12-25 22:36:00.759145+02
20	books	0002_alter_book_buy_link_alter_book_genres	2024-12-25 22:36:00.778124+02
21	communities	0001_initial	2024-12-25 22:36:00.842381+02
22	communities	0002_initial	2024-12-25 22:36:01.08143+02
23	communities	0003_rename_community_post_community	2024-12-25 22:36:01.115241+02
24	communities	0004_remove_community_posts_community_image_and_more	2024-12-25 22:36:01.178474+02
25	communities	0005_alter_community_image	2024-12-25 22:36:01.192419+02
26	communities	0006_community_posts	2024-12-25 22:36:01.241685+02
27	communities	0007_alter_post_community	2024-12-25 22:36:01.275865+02
28	communities	0008_remove_community_posts	2024-12-25 22:36:01.298008+02
29	communities	0009_alter_post_community	2024-12-25 22:36:01.348668+02
30	sessions	0001_initial	2024-12-25 22:36:01.377658+02
31	shelves	0001_initial	2024-12-25 22:36:01.401733+02
32	shelves	0002_initial	2024-12-25 22:36:01.585535+02
33	users	0002_alter_customuser_image	2024-12-25 22:36:01.6058+02
34	books	0002_author_slug_alter_author_birth_date_and_more	2025-01-01 12:56:36.231217+02
35	books	0003_book_slug_book_books_book_slug_ca552e_idx	2025-01-01 12:56:36.286203+02
36	books	0004_bookreview	2025-01-01 12:56:36.34826+02
37	communities	0003_alter_like_post	2025-01-01 12:56:36.361537+02
38	communities	0004_alter_community_owner	2025-01-01 12:56:36.384611+02
39	shelves	0003_shelfbook_current_page	2025-01-01 12:56:36.411801+02
40	shelves	0004_shelfbook_date_added_shelfbook_notes	2025-01-01 12:56:36.441678+02
41	shelves	0005_shelfbook_date_finished	2025-01-01 12:56:36.463462+02
42	users	0002_alter_favorite_unique_together_remove_favorite_book_and_more	2025-01-01 12:56:36.54791+02
43	users	0003_alter_customuser_managers	2025-01-01 12:58:26.439208+02
44	communities	0005_alter_like_user	2025-01-02 21:46:39.887736+02
45	shelves	0006_shelf_image	2025-01-02 21:46:39.928017+02
46	users	0004_alter_customuser_options_and_more	2025-01-02 21:46:40.007202+02
59	auth	0001_initial	2025-01-09 16:03:33.972191+02
60	auth	0002_alter_permission_name_max_length	2025-01-09 16:03:33.979957+02
61	auth	0003_alter_user_email_max_length	2025-01-09 16:03:33.986998+02
62	auth	0004_alter_user_username_opts	2025-01-09 16:03:33.997465+02
63	auth	0005_alter_user_last_login_null	2025-01-09 16:03:34.01078+02
64	auth	0006_require_contenttypes_0002	2025-01-09 16:03:34.014408+02
65	auth	0007_alter_validators_add_error_messages	2025-01-09 16:03:34.027648+02
66	auth	0008_alter_user_username_max_length	2025-01-09 16:03:34.035252+02
67	auth	0009_alter_user_last_name_max_length	2025-01-09 16:03:34.047278+02
68	auth	0010_alter_group_name_max_length	2025-01-09 16:03:34.065202+02
69	auth	0011_update_proxy_permissions	2025-01-09 16:03:34.096917+02
70	auth	0012_alter_user_first_name_max_length	2025-01-09 16:03:34.136436+02
\.


--
-- Data for Name: django_session; Type: TABLE DATA; Schema: public; Owner: goodreads_clone_dev
--

COPY public.django_session (session_key, session_data, expire_date) FROM stdin;
yk3iygo0uwwisj18phny5p20pk5xffto	.eJxVjDsOwjAQBe_iGlle499S0ucMlj9rHEC2FCcV4u4QKQW0b2bei_mwrdVvgxY_Z3ZhwE6_WwzpQW0H-R7arfPU27rMke8KP-jgU8_0vB7u30ENo37rovDskoSMMTnSmSJYAyUBKkBD1gmLpaC1KqEKpIMw2opispLFSCL2_gDiRTfN:1tQYQN:doP52dN5Y1LunYt7jwWtdfskDGtnVz3XupDoriAzPk0	2025-01-08 22:56:11.325801+02
rh4bcfwyvzk0gny7oz0a6e0mgn5qofh3	.eJxVjDsOwjAQBe_iGlle499S0ucMlj9rHEC2FCcV4u4QKQW0b2bei_mwrdVvgxY_Z3ZhwE6_WwzpQW0H-R7arfPU27rMke8KP-jgU8_0vB7u30ENo37rovDskoSMMTnSmSJYAyUBKkBD1gmLpaC1KqEKpIMw2opispLFSCL2_gDiRTfN:1tR8qZ:N1fXN3PFtl1D33JL3jZGvfYduoFZCN__CKGqaUXw8bU	2025-01-10 13:49:39.43352+02
\.


--
-- Data for Name: shelves_shelf; Type: TABLE DATA; Schema: public; Owner: goodreads_clone_dev
--

COPY public.shelves_shelf (id, name, is_default, user_id, image) FROM stdin;
1	Read	t	1	\N
2	Reading	t	1	\N
3	Want To Read	t	1	\N
21	Favorites	f	21	\N
4	Sci-Fi	f	4	\N
5	Mystery	f	5	\N
6	Fantasy	f	6	\N
7	Non-Fiction	f	7	\N
8	Biographies	f	8	\N
9	Historical Fiction	f	9	\N
10	Romance	f	10	\N
11	Thrillers	f	11	\N
12	Horror	f	12	\N
13	Poetry	f	13	\N
14	Adventure	f	14	\N
15	Dystopian	f	15	\N
16	Graphic Novels	f	16	\N
17	Self-Help	f	17	\N
18	Cookbooks	f	18	\N
19	Travel	f	19	\N
20	Memoirs	f	20	\N
25	Read	t	24	\N
26	Reading	t	24	\N
27	Want To Read	t	24	\N
28	mybook	f	1	\N
29	books	f	1	\N
30	welcome back eyad	f	1	\N
31	Read	t	25	\N
32	Reading	t	25	\N
33	Want To Read	t	25	\N
34	Read	t	26	\N
35	Currently Reading	t	26	\N
36	Want To Read	t	26	\N
37	Favorites	t	26	\N
38	Read	t	27	
39	Currently Reading	t	27	
40	Want To Read	t	27	
41	Favorites	t	27	
42	Read	t	28	
43	Currently Reading	t	28	
44	Want To Read	t	28	
45	Favorites	t	28	
46	Read	t	29	
47	Currently Reading	t	29	
48	Want To Read	t	29	
49	Favorites	t	29	
50	Read	t	30	
51	Currently Reading	t	30	
52	Want To Read	t	30	
53	Favorites	t	30	
54	Read	t	31	
55	Currently Reading	t	31	
56	Want To Read	t	31	
57	Favorites	t	31	
58	Read	t	32	
59	Currently Reading	t	32	
60	Want To Read	t	32	
61	Favorites	t	32	
62	Read	t	33	
63	Currently Reading	t	33	
64	Want To Read	t	33	
65	Favorites	t	33	
66	Read	t	34	
67	Currently Reading	t	34	
68	Want To Read	t	34	
69	Favorites	t	34	
77	Read	t	36	
78	Currently Reading	t	36	
79	Want To Read	t	36	
80	Favorites	t	36	
81	Read	t	37	
82	Currently Reading	t	37	
83	Want To Read	t	37	
84	Favorites	t	37	
85	biographies	f	37	
\.


--
-- Data for Name: shelves_shelfbook; Type: TABLE DATA; Schema: public; Owner: goodreads_clone_dev
--

COPY public.shelves_shelfbook (id, book_id, shelf_id, current_page, date_added, notes, date_finished) FROM stdin;
1	1	1	0	2025-01-01 12:56:36.424743+02		\N
2	2	1	0	2025-01-01 12:56:36.424743+02		\N
3	3	2	0	2025-01-01 12:56:36.424743+02		\N
4	4	2	0	2025-01-01 12:56:36.424743+02		\N
5	5	3	0	2025-01-01 12:56:36.424743+02		\N
6	6	3	0	2025-01-01 12:56:36.424743+02		\N
7	7	4	0	2025-01-01 12:56:36.424743+02		\N
8	8	4	0	2025-01-01 12:56:36.424743+02		\N
9	9	5	0	2025-01-01 12:56:36.424743+02		\N
10	10	5	0	2025-01-01 12:56:36.424743+02		\N
11	11	6	0	2025-01-01 12:56:36.424743+02		\N
12	12	6	0	2025-01-01 12:56:36.424743+02		\N
13	13	7	0	2025-01-01 12:56:36.424743+02		\N
14	14	7	0	2025-01-01 12:56:36.424743+02		\N
15	15	8	0	2025-01-01 12:56:36.424743+02		\N
16	16	8	0	2025-01-01 12:56:36.424743+02		\N
17	17	9	0	2025-01-01 12:56:36.424743+02		\N
18	18	9	0	2025-01-01 12:56:36.424743+02		\N
19	19	10	0	2025-01-01 12:56:36.424743+02		\N
20	20	10	0	2025-01-01 12:56:36.424743+02		\N
\.


--
-- Data for Name: users_customuser; Type: TABLE DATA; Schema: public; Owner: goodreads_clone_dev
--

COPY public.users_customuser (id, password, last_login, is_superuser, username, first_name, last_name, is_staff, is_active, date_joined, email, bio, image) FROM stdin;
1	pbkdf2_sha256$870000$72XrmH8zsWE9GkhMazeFUp$2T6kUbh2/QXeXBRhdBUD4WAFGuRX9LwiK4tcOkHpDTk=	\N	t	mo			t	t	2024-12-25 22:55:08.231317+02	mohamedhamza123467890@gmail.com		profile_pictures/mo/profile.png
21	password123	\N	f	john_doe	John	Doe	f	t	2024-01-01 00:00:00+02	john@example.com	Avid reader and book lover.	default_user_image.png
2	password123	\N	f	jane_doe	Jane	Doe	f	t	2024-01-01 00:00:00+02	jane@example.com	Loves sci-fi and fantasy books.	default_user_image.png
3	password123	\N	f	alice_smith	Alice	Smith	f	t	2024-01-01 00:00:00+02	alice@example.com	Enjoys historical fiction.	default_user_image.png
4	password123	\N	f	bob_jones	Bob	Jones	f	t	2024-01-01 00:00:00+02	bob@example.com	Fan of mystery novels.	default_user_image.png
5	password123	\N	f	charlie_brown	Charlie	Brown	f	t	2024-01-01 00:00:00+02	charlie@example.com	Loves classic literature.	default_user_image.png
6	password123	\N	f	david_clark	David	Clark	f	t	2024-01-01 00:00:00+02	david@example.com	Science fiction enthusiast.	default_user_image.png
7	password123	\N	f	emma_davis	Emma	Davis	f	t	2024-01-01 00:00:00+02	emma@example.com	Romance novel lover.	default_user_image.png
8	password123	\N	f	frank_evans	Frank	Evans	f	t	2024-01-01 00:00:00+02	frank@example.com	Enjoys biographies.	default_user_image.png
9	password123	\N	f	grace_hall	Grace	Hall	f	t	2024-01-01 00:00:00+02	grace@example.com	Fan of fantasy books.	default_user_image.png
10	password123	\N	f	henry_king	Henry	King	f	t	2024-01-01 00:00:00+02	henry@example.com	Loves thrillers.	default_user_image.png
11	password123	\N	f	isabella_lee	Isabella	Lee	f	t	2024-01-01 00:00:00+02	isabella@example.com	Enjoys poetry.	default_user_image.png
12	password123	\N	f	jack_martin	Jack	Martin	f	t	2024-01-01 00:00:00+02	jack@example.com	Fan of horror novels.	default_user_image.png
13	password123	\N	f	karen_nelson	Karen	Nelson	f	t	2024-01-01 00:00:00+02	karen@example.com	Loves children\\ books.	default_user_image.png
14	password123	\N	f	larry_owens	Larry	Owens	f	t	2024-01-01 00:00:00+02	larry@example.com	Enjoys adventure stories.	default_user_image.png
15	password123	\N	f	mary_perez	Mary	Perez	f	t	2024-01-01 00:00:00+02	mary@example.com	Fan of dystopian novels.	default_user_image.png
16	password123	\N	f	nancy_quinn	Nancy	Quinn	f	t	2024-01-01 00:00:00+02	nancy@example.com	Loves graphic novels.	default_user_image.png
17	password123	\N	f	oscar_roberts	Oscar	Roberts	f	t	2024-01-01 00:00:00+02	oscar@example.com	Enjoys self-help books.	default_user_image.png
18	password123	\N	f	paula_smith	Paula	Smith	f	t	2024-01-01 00:00:00+02	paula@example.com	Fan of cookbooks.	default_user_image.png
19	password123	\N	f	quentin_taylor	Quentin	Taylor	f	t	2024-01-01 00:00:00+02	quentin@example.com	Loves travel books.	default_user_image.png
20	password123	\N	f	rachel_uwu	Rachel	Uwu	f	t	2024-01-01 00:00:00+02	rachel@example.com	Enjoys memoirs.	default_user_image.png
24	pbkdf2_sha256$870000$zkqEGoWzlAZrKjmGQOd71J$Nyvraxou80s0c1dqzANjR3fKInYnf3UTFqbJhhBELSs=	\N	f	Nancyagram			f	t	2024-12-27 13:49:04.395871+02	nancy@myheart.com		profile_pictures/Nancyagram/profile.png
25	!8PuLmSt6J9mcTmKLA9RMFWmQTupyI7HDqVeJkAZt	\N	f	chithead			f	t	2024-12-27 19:35:23.556973+02			profile_pictures/chithead/profile.png
26	pbkdf2_sha256$870000$Ho5nLJlIBfJaqO2Srvt3qE$rRefnUeuV5jS4f9OVXMBJ4sBpyYlNBeIoPlj17/G1C8=	\N	f	brother			f	t	2025-01-01 14:28:16.617581+02	brother@wtf.com		profile_pictures/brother/profile.png
27	pbkdf2_sha256$870000$eSIQuFv3iGTfOoWkA6kGaM$aLdFkNOzyk39oNL24HNlB6DYrwrLdBXZLe/07NzHdsI=	\N	f	emmawatson	emma	watson	f	t	2025-01-03 21:33:44.209204+02	ema@hogwarts.com		profile_pictures/emmawatson/profile.png
28	pbkdf2_sha256$870000$xD3D0PyHokYhsodKGFdlbl$uT7s3rX56GL4fGbRVoP25PpJh89Lduoq8nF44FYRZaY=	\N	f	mohamedali			f	t	2025-01-04 23:41:17.459775+02	fuck@gmail.com		profile_pictures/mohamedali/profile.png
29	pbkdf2_sha256$870000$M6r6lYZ2q5jGFqlAtNxRNP$iaeIoszZuRS5Nk491HbRiUkHeFMiwYK6bXWnHAUAOo4=	\N	t	bloodytokens	mo	ali	t	t	2025-01-04 23:50:53.024688+02	bloody@token.com		profile_pictures/bloodytokens/profile.png
30	pbkdf2_sha256$870000$CqakHJZilHPj00HTMrOp7o$HfM+ewmQwepnjGdeE7yYWCy6AJv27eRgMJBF7F4qlZQ=	\N	f	fuck			f	t	2025-01-04 23:57:03.184211+02	fuck@you.com		profile_pictures/fuck/profile.png
31	pbkdf2_sha256$870000$dzARvG4Eitm7LMt0t5bA3W$jlhGWP4TBh8bYgJjz1rzxDZkv64kPXWTNXRfTah/9RM=	\N	f	genuis			f	t	2025-01-05 02:41:58.277042+02	mhmhamza29112004@gmail.com		profile_pictures/genuis/profile.png
33	pbkdf2_sha256$870000$ZxWExetJLYbKC7FWE8lcsZ$b7Zc4Mo8r+AWW1zbufWxpgT5Xh19nEUWCdpo4PF6MpE=	\N	f	motheman	mo	ali	f	t	2025-01-07 15:55:26+02	gisma@university.com		profile_pictures/motheman/profile.png
32	pbkdf2_sha256$870000$auVqj60CRWqlh4w7xWfGS5$z9PEtq6VpMtyfqIOa5XRTVFSqch5fpL4MjhWZOO64Ws=	\N	f	mo.	mohamed	ali	f	f	2025-01-05 06:22:58.765202+02	7amzawey29112004@gmail.com		profile_pictures/mo./profile.png
34	pbkdf2_sha256$870000$bJQSbxe2FptrthwJW2Fc7q$Wh+t8fmRPR9qx92W1LexdDuxDherTmLqmWAcY1/FSaU=	\N	f	billgates	bill	gates	f	f	2025-01-07 20:29:57.156742+02	billgates@microsoft.com		profile_pictures/billgates/profile.png
37	pbkdf2_sha256$870000$xDT32GxsHHxBmgS1KVfVCi$NNa7stw9/jNWucrKiQeo7bSIirIzJmonWJMh0QKYros=	\N	f	elonmusk	Elon	Musk	f	t	2025-01-09 11:24:56+02	elon@space.com		profile_pictures/elonmusk/profile.png
36	pbkdf2_sha256$870000$dx9zuUzcMb2u8HWbkDUjYO$qVUhNkwJ0z8UZQypviRsHvz+LCrz53+WxdCxeXXgOwE=	\N	f	jeffbezos	Jeff	Bezos	f	t	2025-01-09 11:24:15+02	jeffbezos@amazon.com		default_user_image.png
\.


--
-- Data for Name: users_customuser_groups; Type: TABLE DATA; Schema: public; Owner: goodreads_clone_dev
--

COPY public.users_customuser_groups (id, customuser_id, group_id) FROM stdin;
\.


--
-- Data for Name: users_customuser_user_permissions; Type: TABLE DATA; Schema: public; Owner: goodreads_clone_dev
--

COPY public.users_customuser_user_permissions (id, customuser_id, permission_id) FROM stdin;
\.


--
-- Name: auth_group_id_seq; Type: SEQUENCE SET; Schema: public; Owner: goodreads_clone_dev
--

SELECT pg_catalog.setval('public.auth_group_id_seq', 1, false);


--
-- Name: auth_group_permissions_id_seq; Type: SEQUENCE SET; Schema: public; Owner: goodreads_clone_dev
--

SELECT pg_catalog.setval('public.auth_group_permissions_id_seq', 1, false);


--
-- Name: auth_permission_id_seq; Type: SEQUENCE SET; Schema: public; Owner: goodreads_clone_dev
--

SELECT pg_catalog.setval('public.auth_permission_id_seq', 64, true);


--
-- Name: books_author_id_seq; Type: SEQUENCE SET; Schema: public; Owner: goodreads_clone_dev
--

SELECT pg_catalog.setval('public.books_author_id_seq', 1, true);


--
-- Name: books_book_genres_id_seq; Type: SEQUENCE SET; Schema: public; Owner: goodreads_clone_dev
--

SELECT pg_catalog.setval('public.books_book_genres_id_seq', 1, false);


--
-- Name: books_book_id_seq; Type: SEQUENCE SET; Schema: public; Owner: goodreads_clone_dev
--

SELECT pg_catalog.setval('public.books_book_id_seq', 1, true);


--
-- Name: books_bookreview_id_seq; Type: SEQUENCE SET; Schema: public; Owner: goodreads_clone_dev
--

SELECT pg_catalog.setval('public.books_bookreview_id_seq', 3, true);


--
-- Name: books_genre_id_seq; Type: SEQUENCE SET; Schema: public; Owner: goodreads_clone_dev
--

SELECT pg_catalog.setval('public.books_genre_id_seq', 1, true);


--
-- Name: communities_comment_id_seq; Type: SEQUENCE SET; Schema: public; Owner: goodreads_clone_dev
--

SELECT pg_catalog.setval('public.communities_comment_id_seq', 47, true);


--
-- Name: communities_community_id_seq; Type: SEQUENCE SET; Schema: public; Owner: goodreads_clone_dev
--

SELECT pg_catalog.setval('public.communities_community_id_seq', 77, true);


--
-- Name: communities_community_members_id_seq; Type: SEQUENCE SET; Schema: public; Owner: goodreads_clone_dev
--

SELECT pg_catalog.setval('public.communities_community_members_id_seq', 58, true);


--
-- Name: communities_like_id_seq; Type: SEQUENCE SET; Schema: public; Owner: goodreads_clone_dev
--

SELECT pg_catalog.setval('public.communities_like_id_seq', 39, true);


--
-- Name: communities_post_id_seq; Type: SEQUENCE SET; Schema: public; Owner: goodreads_clone_dev
--

SELECT pg_catalog.setval('public.communities_post_id_seq', 45, true);


--
-- Name: django_admin_log_id_seq; Type: SEQUENCE SET; Schema: public; Owner: goodreads_clone_dev
--

SELECT pg_catalog.setval('public.django_admin_log_id_seq', 18, true);


--
-- Name: django_content_type_id_seq; Type: SEQUENCE SET; Schema: public; Owner: goodreads_clone_dev
--

SELECT pg_catalog.setval('public.django_content_type_id_seq', 18, true);


--
-- Name: django_migrations_id_seq; Type: SEQUENCE SET; Schema: public; Owner: goodreads_clone_dev
--

SELECT pg_catalog.setval('public.django_migrations_id_seq', 70, true);


--
-- Name: shelves_shelf_id_seq; Type: SEQUENCE SET; Schema: public; Owner: goodreads_clone_dev
--

SELECT pg_catalog.setval('public.shelves_shelf_id_seq', 85, true);


--
-- Name: shelves_shelfbook_id_seq; Type: SEQUENCE SET; Schema: public; Owner: goodreads_clone_dev
--

SELECT pg_catalog.setval('public.shelves_shelfbook_id_seq', 1, false);


--
-- Name: users_customuser_groups_id_seq; Type: SEQUENCE SET; Schema: public; Owner: goodreads_clone_dev
--

SELECT pg_catalog.setval('public.users_customuser_groups_id_seq', 1, false);


--
-- Name: users_customuser_id_seq; Type: SEQUENCE SET; Schema: public; Owner: goodreads_clone_dev
--

SELECT pg_catalog.setval('public.users_customuser_id_seq', 37, true);


--
-- Name: users_customuser_user_permissions_id_seq; Type: SEQUENCE SET; Schema: public; Owner: goodreads_clone_dev
--

SELECT pg_catalog.setval('public.users_customuser_user_permissions_id_seq', 1, false);


--
-- Name: auth_group auth_group_name_key; Type: CONSTRAINT; Schema: public; Owner: goodreads_clone_dev
--

ALTER TABLE ONLY public.auth_group
    ADD CONSTRAINT auth_group_name_key UNIQUE (name);


--
-- Name: auth_group_permissions auth_group_permissions_group_id_permission_id_0cd325b0_uniq; Type: CONSTRAINT; Schema: public; Owner: goodreads_clone_dev
--

ALTER TABLE ONLY public.auth_group_permissions
    ADD CONSTRAINT auth_group_permissions_group_id_permission_id_0cd325b0_uniq UNIQUE (group_id, permission_id);


--
-- Name: auth_group_permissions auth_group_permissions_pkey; Type: CONSTRAINT; Schema: public; Owner: goodreads_clone_dev
--

ALTER TABLE ONLY public.auth_group_permissions
    ADD CONSTRAINT auth_group_permissions_pkey PRIMARY KEY (id);


--
-- Name: auth_group auth_group_pkey; Type: CONSTRAINT; Schema: public; Owner: goodreads_clone_dev
--

ALTER TABLE ONLY public.auth_group
    ADD CONSTRAINT auth_group_pkey PRIMARY KEY (id);


--
-- Name: auth_permission auth_permission_content_type_id_codename_01ab375a_uniq; Type: CONSTRAINT; Schema: public; Owner: goodreads_clone_dev
--

ALTER TABLE ONLY public.auth_permission
    ADD CONSTRAINT auth_permission_content_type_id_codename_01ab375a_uniq UNIQUE (content_type_id, codename);


--
-- Name: auth_permission auth_permission_pkey; Type: CONSTRAINT; Schema: public; Owner: goodreads_clone_dev
--

ALTER TABLE ONLY public.auth_permission
    ADD CONSTRAINT auth_permission_pkey PRIMARY KEY (id);


--
-- Name: books_author books_author_pkey; Type: CONSTRAINT; Schema: public; Owner: goodreads_clone_dev
--

ALTER TABLE ONLY public.books_author
    ADD CONSTRAINT books_author_pkey PRIMARY KEY (id);


--
-- Name: books_author books_author_slug_key; Type: CONSTRAINT; Schema: public; Owner: goodreads_clone_dev
--

ALTER TABLE ONLY public.books_author
    ADD CONSTRAINT books_author_slug_key UNIQUE (slug);


--
-- Name: books_book_genres books_book_genres_book_id_genre_id_4f4a9648_uniq; Type: CONSTRAINT; Schema: public; Owner: goodreads_clone_dev
--

ALTER TABLE ONLY public.books_book_genres
    ADD CONSTRAINT books_book_genres_book_id_genre_id_4f4a9648_uniq UNIQUE (book_id, genre_id);


--
-- Name: books_book_genres books_book_genres_pkey; Type: CONSTRAINT; Schema: public; Owner: goodreads_clone_dev
--

ALTER TABLE ONLY public.books_book_genres
    ADD CONSTRAINT books_book_genres_pkey PRIMARY KEY (id);


--
-- Name: books_book books_book_pkey; Type: CONSTRAINT; Schema: public; Owner: goodreads_clone_dev
--

ALTER TABLE ONLY public.books_book
    ADD CONSTRAINT books_book_pkey PRIMARY KEY (id);


--
-- Name: books_book books_book_slug_key; Type: CONSTRAINT; Schema: public; Owner: goodreads_clone_dev
--

ALTER TABLE ONLY public.books_book
    ADD CONSTRAINT books_book_slug_key UNIQUE (slug);


--
-- Name: books_book books_book_title_key; Type: CONSTRAINT; Schema: public; Owner: goodreads_clone_dev
--

ALTER TABLE ONLY public.books_book
    ADD CONSTRAINT books_book_title_key UNIQUE (title);


--
-- Name: books_bookreview books_bookreview_pkey; Type: CONSTRAINT; Schema: public; Owner: goodreads_clone_dev
--

ALTER TABLE ONLY public.books_bookreview
    ADD CONSTRAINT books_bookreview_pkey PRIMARY KEY (id);


--
-- Name: books_bookreview books_bookreview_user_id_book_id_3eac4b62_uniq; Type: CONSTRAINT; Schema: public; Owner: goodreads_clone_dev
--

ALTER TABLE ONLY public.books_bookreview
    ADD CONSTRAINT books_bookreview_user_id_book_id_3eac4b62_uniq UNIQUE (user_id, book_id);


--
-- Name: books_genre books_genre_name_key; Type: CONSTRAINT; Schema: public; Owner: goodreads_clone_dev
--

ALTER TABLE ONLY public.books_genre
    ADD CONSTRAINT books_genre_name_key UNIQUE (name);


--
-- Name: books_genre books_genre_pkey; Type: CONSTRAINT; Schema: public; Owner: goodreads_clone_dev
--

ALTER TABLE ONLY public.books_genre
    ADD CONSTRAINT books_genre_pkey PRIMARY KEY (id);


--
-- Name: communities_comment communities_comment_pkey; Type: CONSTRAINT; Schema: public; Owner: goodreads_clone_dev
--

ALTER TABLE ONLY public.communities_comment
    ADD CONSTRAINT communities_comment_pkey PRIMARY KEY (id);


--
-- Name: communities_community_members communities_community_me_community_id_customuser__1e75b0df_uniq; Type: CONSTRAINT; Schema: public; Owner: goodreads_clone_dev
--

ALTER TABLE ONLY public.communities_community_members
    ADD CONSTRAINT communities_community_me_community_id_customuser__1e75b0df_uniq UNIQUE (community_id, customuser_id);


--
-- Name: communities_community_members communities_community_members_pkey; Type: CONSTRAINT; Schema: public; Owner: goodreads_clone_dev
--

ALTER TABLE ONLY public.communities_community_members
    ADD CONSTRAINT communities_community_members_pkey PRIMARY KEY (id);


--
-- Name: communities_community communities_community_name_key; Type: CONSTRAINT; Schema: public; Owner: goodreads_clone_dev
--

ALTER TABLE ONLY public.communities_community
    ADD CONSTRAINT communities_community_name_key UNIQUE (name);


--
-- Name: communities_community communities_community_pkey; Type: CONSTRAINT; Schema: public; Owner: goodreads_clone_dev
--

ALTER TABLE ONLY public.communities_community
    ADD CONSTRAINT communities_community_pkey PRIMARY KEY (id);


--
-- Name: communities_like communities_like_pkey; Type: CONSTRAINT; Schema: public; Owner: goodreads_clone_dev
--

ALTER TABLE ONLY public.communities_like
    ADD CONSTRAINT communities_like_pkey PRIMARY KEY (id);


--
-- Name: communities_post communities_post_pkey; Type: CONSTRAINT; Schema: public; Owner: goodreads_clone_dev
--

ALTER TABLE ONLY public.communities_post
    ADD CONSTRAINT communities_post_pkey PRIMARY KEY (id);


--
-- Name: django_admin_log django_admin_log_pkey; Type: CONSTRAINT; Schema: public; Owner: goodreads_clone_dev
--

ALTER TABLE ONLY public.django_admin_log
    ADD CONSTRAINT django_admin_log_pkey PRIMARY KEY (id);


--
-- Name: django_content_type django_content_type_app_label_model_76bd3d3b_uniq; Type: CONSTRAINT; Schema: public; Owner: goodreads_clone_dev
--

ALTER TABLE ONLY public.django_content_type
    ADD CONSTRAINT django_content_type_app_label_model_76bd3d3b_uniq UNIQUE (app_label, model);


--
-- Name: django_content_type django_content_type_pkey; Type: CONSTRAINT; Schema: public; Owner: goodreads_clone_dev
--

ALTER TABLE ONLY public.django_content_type
    ADD CONSTRAINT django_content_type_pkey PRIMARY KEY (id);


--
-- Name: django_migrations django_migrations_pkey; Type: CONSTRAINT; Schema: public; Owner: goodreads_clone_dev
--

ALTER TABLE ONLY public.django_migrations
    ADD CONSTRAINT django_migrations_pkey PRIMARY KEY (id);


--
-- Name: django_session django_session_pkey; Type: CONSTRAINT; Schema: public; Owner: goodreads_clone_dev
--

ALTER TABLE ONLY public.django_session
    ADD CONSTRAINT django_session_pkey PRIMARY KEY (session_key);


--
-- Name: shelves_shelf shelves_shelf_name_user_id_5f90e172_uniq; Type: CONSTRAINT; Schema: public; Owner: goodreads_clone_dev
--

ALTER TABLE ONLY public.shelves_shelf
    ADD CONSTRAINT shelves_shelf_name_user_id_5f90e172_uniq UNIQUE (name, user_id);


--
-- Name: shelves_shelf shelves_shelf_pkey; Type: CONSTRAINT; Schema: public; Owner: goodreads_clone_dev
--

ALTER TABLE ONLY public.shelves_shelf
    ADD CONSTRAINT shelves_shelf_pkey PRIMARY KEY (id);


--
-- Name: shelves_shelfbook shelves_shelfbook_pkey; Type: CONSTRAINT; Schema: public; Owner: goodreads_clone_dev
--

ALTER TABLE ONLY public.shelves_shelfbook
    ADD CONSTRAINT shelves_shelfbook_pkey PRIMARY KEY (id);


--
-- Name: shelves_shelfbook shelves_shelfbook_shelf_id_book_id_b8af8563_uniq; Type: CONSTRAINT; Schema: public; Owner: goodreads_clone_dev
--

ALTER TABLE ONLY public.shelves_shelfbook
    ADD CONSTRAINT shelves_shelfbook_shelf_id_book_id_b8af8563_uniq UNIQUE (shelf_id, book_id);


--
-- Name: communities_like unique_like_per_user_post; Type: CONSTRAINT; Schema: public; Owner: goodreads_clone_dev
--

ALTER TABLE ONLY public.communities_like
    ADD CONSTRAINT unique_like_per_user_post UNIQUE (post_id, user_id);


--
-- Name: users_customuser users_customuser_email_key; Type: CONSTRAINT; Schema: public; Owner: goodreads_clone_dev
--

ALTER TABLE ONLY public.users_customuser
    ADD CONSTRAINT users_customuser_email_key UNIQUE (email);


--
-- Name: users_customuser_groups users_customuser_groups_customuser_id_group_id_76b619e3_uniq; Type: CONSTRAINT; Schema: public; Owner: goodreads_clone_dev
--

ALTER TABLE ONLY public.users_customuser_groups
    ADD CONSTRAINT users_customuser_groups_customuser_id_group_id_76b619e3_uniq UNIQUE (customuser_id, group_id);


--
-- Name: users_customuser_groups users_customuser_groups_pkey; Type: CONSTRAINT; Schema: public; Owner: goodreads_clone_dev
--

ALTER TABLE ONLY public.users_customuser_groups
    ADD CONSTRAINT users_customuser_groups_pkey PRIMARY KEY (id);


--
-- Name: users_customuser users_customuser_pkey; Type: CONSTRAINT; Schema: public; Owner: goodreads_clone_dev
--

ALTER TABLE ONLY public.users_customuser
    ADD CONSTRAINT users_customuser_pkey PRIMARY KEY (id);


--
-- Name: users_customuser_user_permissions users_customuser_user_pe_customuser_id_permission_7a7debf6_uniq; Type: CONSTRAINT; Schema: public; Owner: goodreads_clone_dev
--

ALTER TABLE ONLY public.users_customuser_user_permissions
    ADD CONSTRAINT users_customuser_user_pe_customuser_id_permission_7a7debf6_uniq UNIQUE (customuser_id, permission_id);


--
-- Name: users_customuser_user_permissions users_customuser_user_permissions_pkey; Type: CONSTRAINT; Schema: public; Owner: goodreads_clone_dev
--

ALTER TABLE ONLY public.users_customuser_user_permissions
    ADD CONSTRAINT users_customuser_user_permissions_pkey PRIMARY KEY (id);


--
-- Name: users_customuser users_customuser_username_key; Type: CONSTRAINT; Schema: public; Owner: goodreads_clone_dev
--

ALTER TABLE ONLY public.users_customuser
    ADD CONSTRAINT users_customuser_username_key UNIQUE (username);


--
-- Name: auth_group_name_a6ea08ec_like; Type: INDEX; Schema: public; Owner: goodreads_clone_dev
--

CREATE INDEX auth_group_name_a6ea08ec_like ON public.auth_group USING btree (name varchar_pattern_ops);


--
-- Name: auth_group_permissions_group_id_b120cbf9; Type: INDEX; Schema: public; Owner: goodreads_clone_dev
--

CREATE INDEX auth_group_permissions_group_id_b120cbf9 ON public.auth_group_permissions USING btree (group_id);


--
-- Name: auth_group_permissions_permission_id_84c5c92e; Type: INDEX; Schema: public; Owner: goodreads_clone_dev
--

CREATE INDEX auth_group_permissions_permission_id_84c5c92e ON public.auth_group_permissions USING btree (permission_id);


--
-- Name: auth_permission_content_type_id_2f476e4b; Type: INDEX; Schema: public; Owner: goodreads_clone_dev
--

CREATE INDEX auth_permission_content_type_id_2f476e4b ON public.auth_permission USING btree (content_type_id);


--
-- Name: books_autho_name_5aec2d_idx; Type: INDEX; Schema: public; Owner: goodreads_clone_dev
--

CREATE INDEX books_autho_name_5aec2d_idx ON public.books_author USING btree (name);


--
-- Name: books_autho_slug_b44f85_idx; Type: INDEX; Schema: public; Owner: goodreads_clone_dev
--

CREATE INDEX books_autho_slug_b44f85_idx ON public.books_author USING btree (slug);


--
-- Name: books_author_slug_4c74843f_like; Type: INDEX; Schema: public; Owner: goodreads_clone_dev
--

CREATE INDEX books_author_slug_4c74843f_like ON public.books_author USING btree (slug varchar_pattern_ops);


--
-- Name: books_book_author__709385_idx; Type: INDEX; Schema: public; Owner: goodreads_clone_dev
--

CREATE INDEX books_book_author__709385_idx ON public.books_book USING btree (author_id);


--
-- Name: books_book_author_id_8b91747b; Type: INDEX; Schema: public; Owner: goodreads_clone_dev
--

CREATE INDEX books_book_author_id_8b91747b ON public.books_book USING btree (author_id);


--
-- Name: books_book_genres_book_id_ffd9e72b; Type: INDEX; Schema: public; Owner: goodreads_clone_dev
--

CREATE INDEX books_book_genres_book_id_ffd9e72b ON public.books_book_genres USING btree (book_id);


--
-- Name: books_book_genres_genre_id_899cd1a0; Type: INDEX; Schema: public; Owner: goodreads_clone_dev
--

CREATE INDEX books_book_genres_genre_id_899cd1a0 ON public.books_book_genres USING btree (genre_id);


--
-- Name: books_book_slug_a38a79a6_like; Type: INDEX; Schema: public; Owner: goodreads_clone_dev
--

CREATE INDEX books_book_slug_a38a79a6_like ON public.books_book USING btree (slug varchar_pattern_ops);


--
-- Name: books_book_slug_ca552e_idx; Type: INDEX; Schema: public; Owner: goodreads_clone_dev
--

CREATE INDEX books_book_slug_ca552e_idx ON public.books_book USING btree (slug);


--
-- Name: books_book_title_be31d1ef_like; Type: INDEX; Schema: public; Owner: goodreads_clone_dev
--

CREATE INDEX books_book_title_be31d1ef_like ON public.books_book USING btree (title varchar_pattern_ops);


--
-- Name: books_book_title_d3218d_idx; Type: INDEX; Schema: public; Owner: goodreads_clone_dev
--

CREATE INDEX books_book_title_d3218d_idx ON public.books_book USING btree (title);


--
-- Name: books_bookr_user_id_e526f9_idx; Type: INDEX; Schema: public; Owner: goodreads_clone_dev
--

CREATE INDEX books_bookr_user_id_e526f9_idx ON public.books_bookreview USING btree (user_id, book_id);


--
-- Name: books_bookreview_book_id_9c5fb3f1; Type: INDEX; Schema: public; Owner: goodreads_clone_dev
--

CREATE INDEX books_bookreview_book_id_9c5fb3f1 ON public.books_bookreview USING btree (book_id);


--
-- Name: books_bookreview_user_id_a5746a0f; Type: INDEX; Schema: public; Owner: goodreads_clone_dev
--

CREATE INDEX books_bookreview_user_id_a5746a0f ON public.books_bookreview USING btree (user_id);


--
-- Name: books_genre_name_27aecb_idx; Type: INDEX; Schema: public; Owner: goodreads_clone_dev
--

CREATE INDEX books_genre_name_27aecb_idx ON public.books_genre USING btree (name);


--
-- Name: books_genre_name_b6ee53e9_like; Type: INDEX; Schema: public; Owner: goodreads_clone_dev
--

CREATE INDEX books_genre_name_b6ee53e9_like ON public.books_genre USING btree (name varchar_pattern_ops);


--
-- Name: communities_comment_post_id_d0c53ca7; Type: INDEX; Schema: public; Owner: goodreads_clone_dev
--

CREATE INDEX communities_comment_post_id_d0c53ca7 ON public.communities_comment USING btree (post_id);


--
-- Name: communities_comment_user_id_ee1f09c9; Type: INDEX; Schema: public; Owner: goodreads_clone_dev
--

CREATE INDEX communities_comment_user_id_ee1f09c9 ON public.communities_comment USING btree (user_id);


--
-- Name: communities_community_members_community_id_f5c4f11d; Type: INDEX; Schema: public; Owner: goodreads_clone_dev
--

CREATE INDEX communities_community_members_community_id_f5c4f11d ON public.communities_community_members USING btree (community_id);


--
-- Name: communities_community_members_customuser_id_c5851829; Type: INDEX; Schema: public; Owner: goodreads_clone_dev
--

CREATE INDEX communities_community_members_customuser_id_c5851829 ON public.communities_community_members USING btree (customuser_id);


--
-- Name: communities_community_name_4dedcb1a_like; Type: INDEX; Schema: public; Owner: goodreads_clone_dev
--

CREATE INDEX communities_community_name_4dedcb1a_like ON public.communities_community USING btree (name varchar_pattern_ops);


--
-- Name: communities_community_owner_id_15a7d936; Type: INDEX; Schema: public; Owner: goodreads_clone_dev
--

CREATE INDEX communities_community_owner_id_15a7d936 ON public.communities_community USING btree (owner_id);


--
-- Name: communities_like_post_id_667ccf7e; Type: INDEX; Schema: public; Owner: goodreads_clone_dev
--

CREATE INDEX communities_like_post_id_667ccf7e ON public.communities_like USING btree (post_id);


--
-- Name: communities_like_user_id_0ef24ed6; Type: INDEX; Schema: public; Owner: goodreads_clone_dev
--

CREATE INDEX communities_like_user_id_0ef24ed6 ON public.communities_like USING btree (user_id);


--
-- Name: communities_post_Community_id_5a5505af; Type: INDEX; Schema: public; Owner: goodreads_clone_dev
--

CREATE INDEX "communities_post_Community_id_5a5505af" ON public.communities_post USING btree (community_id);


--
-- Name: communities_post_user_id_91c3d7b0; Type: INDEX; Schema: public; Owner: goodreads_clone_dev
--

CREATE INDEX communities_post_user_id_91c3d7b0 ON public.communities_post USING btree (user_id);


--
-- Name: django_admin_log_content_type_id_c4bce8eb; Type: INDEX; Schema: public; Owner: goodreads_clone_dev
--

CREATE INDEX django_admin_log_content_type_id_c4bce8eb ON public.django_admin_log USING btree (content_type_id);


--
-- Name: django_admin_log_user_id_c564eba6; Type: INDEX; Schema: public; Owner: goodreads_clone_dev
--

CREATE INDEX django_admin_log_user_id_c564eba6 ON public.django_admin_log USING btree (user_id);


--
-- Name: django_session_expire_date_a5c62663; Type: INDEX; Schema: public; Owner: goodreads_clone_dev
--

CREATE INDEX django_session_expire_date_a5c62663 ON public.django_session USING btree (expire_date);


--
-- Name: django_session_session_key_c0390e0f_like; Type: INDEX; Schema: public; Owner: goodreads_clone_dev
--

CREATE INDEX django_session_session_key_c0390e0f_like ON public.django_session USING btree (session_key varchar_pattern_ops);


--
-- Name: shelves_she_name_3d5126_idx; Type: INDEX; Schema: public; Owner: goodreads_clone_dev
--

CREATE INDEX shelves_she_name_3d5126_idx ON public.shelves_shelf USING btree (name, user_id);


--
-- Name: shelves_she_shelf_i_dd77ec_idx; Type: INDEX; Schema: public; Owner: goodreads_clone_dev
--

CREATE INDEX shelves_she_shelf_i_dd77ec_idx ON public.shelves_shelfbook USING btree (shelf_id, book_id);


--
-- Name: shelves_shelf_user_id_3b6c4a0f; Type: INDEX; Schema: public; Owner: goodreads_clone_dev
--

CREATE INDEX shelves_shelf_user_id_3b6c4a0f ON public.shelves_shelf USING btree (user_id);


--
-- Name: shelves_shelfbook_book_id_033d1284; Type: INDEX; Schema: public; Owner: goodreads_clone_dev
--

CREATE INDEX shelves_shelfbook_book_id_033d1284 ON public.shelves_shelfbook USING btree (book_id);


--
-- Name: shelves_shelfbook_shelf_id_9879fbc6; Type: INDEX; Schema: public; Owner: goodreads_clone_dev
--

CREATE INDEX shelves_shelfbook_shelf_id_9879fbc6 ON public.shelves_shelfbook USING btree (shelf_id);


--
-- Name: users_custo_email_c80f75_idx; Type: INDEX; Schema: public; Owner: goodreads_clone_dev
--

CREATE INDEX users_custo_email_c80f75_idx ON public.users_customuser USING btree (email);


--
-- Name: users_custo_usernam_a8ad03_idx; Type: INDEX; Schema: public; Owner: goodreads_clone_dev
--

CREATE INDEX users_custo_usernam_a8ad03_idx ON public.users_customuser USING btree (username);


--
-- Name: users_customuser_email_6445acef_like; Type: INDEX; Schema: public; Owner: goodreads_clone_dev
--

CREATE INDEX users_customuser_email_6445acef_like ON public.users_customuser USING btree (email varchar_pattern_ops);


--
-- Name: users_customuser_groups_customuser_id_958147bf; Type: INDEX; Schema: public; Owner: goodreads_clone_dev
--

CREATE INDEX users_customuser_groups_customuser_id_958147bf ON public.users_customuser_groups USING btree (customuser_id);


--
-- Name: users_customuser_groups_group_id_01390b14; Type: INDEX; Schema: public; Owner: goodreads_clone_dev
--

CREATE INDEX users_customuser_groups_group_id_01390b14 ON public.users_customuser_groups USING btree (group_id);


--
-- Name: users_customuser_user_permissions_customuser_id_5771478b; Type: INDEX; Schema: public; Owner: goodreads_clone_dev
--

CREATE INDEX users_customuser_user_permissions_customuser_id_5771478b ON public.users_customuser_user_permissions USING btree (customuser_id);


--
-- Name: users_customuser_user_permissions_permission_id_baaa2f74; Type: INDEX; Schema: public; Owner: goodreads_clone_dev
--

CREATE INDEX users_customuser_user_permissions_permission_id_baaa2f74 ON public.users_customuser_user_permissions USING btree (permission_id);


--
-- Name: users_customuser_username_80452fdf_like; Type: INDEX; Schema: public; Owner: goodreads_clone_dev
--

CREATE INDEX users_customuser_username_80452fdf_like ON public.users_customuser USING btree (username varchar_pattern_ops);


--
-- Name: communities_community update_community_id_seq_trigger; Type: TRIGGER; Schema: public; Owner: goodreads_clone_dev
--

CREATE TRIGGER update_community_id_seq_trigger AFTER INSERT ON public.communities_community FOR EACH STATEMENT EXECUTE FUNCTION public.update_community_id_seq();


--
-- Name: auth_group_permissions auth_group_permissio_permission_id_84c5c92e_fk_auth_perm; Type: FK CONSTRAINT; Schema: public; Owner: goodreads_clone_dev
--

ALTER TABLE ONLY public.auth_group_permissions
    ADD CONSTRAINT auth_group_permissio_permission_id_84c5c92e_fk_auth_perm FOREIGN KEY (permission_id) REFERENCES public.auth_permission(id) DEFERRABLE INITIALLY DEFERRED;


--
-- Name: auth_group_permissions auth_group_permissions_group_id_b120cbf9_fk_auth_group_id; Type: FK CONSTRAINT; Schema: public; Owner: goodreads_clone_dev
--

ALTER TABLE ONLY public.auth_group_permissions
    ADD CONSTRAINT auth_group_permissions_group_id_b120cbf9_fk_auth_group_id FOREIGN KEY (group_id) REFERENCES public.auth_group(id) DEFERRABLE INITIALLY DEFERRED;


--
-- Name: auth_permission auth_permission_content_type_id_2f476e4b_fk_django_co; Type: FK CONSTRAINT; Schema: public; Owner: goodreads_clone_dev
--

ALTER TABLE ONLY public.auth_permission
    ADD CONSTRAINT auth_permission_content_type_id_2f476e4b_fk_django_co FOREIGN KEY (content_type_id) REFERENCES public.django_content_type(id) DEFERRABLE INITIALLY DEFERRED;


--
-- Name: books_book books_book_author_id_8b91747b_fk_books_author_id; Type: FK CONSTRAINT; Schema: public; Owner: goodreads_clone_dev
--

ALTER TABLE ONLY public.books_book
    ADD CONSTRAINT books_book_author_id_8b91747b_fk_books_author_id FOREIGN KEY (author_id) REFERENCES public.books_author(id) DEFERRABLE INITIALLY DEFERRED;


--
-- Name: books_book_genres books_book_genres_book_id_ffd9e72b_fk_books_book_id; Type: FK CONSTRAINT; Schema: public; Owner: goodreads_clone_dev
--

ALTER TABLE ONLY public.books_book_genres
    ADD CONSTRAINT books_book_genres_book_id_ffd9e72b_fk_books_book_id FOREIGN KEY (book_id) REFERENCES public.books_book(id) DEFERRABLE INITIALLY DEFERRED;


--
-- Name: books_book_genres books_book_genres_genre_id_899cd1a0_fk_books_genre_id; Type: FK CONSTRAINT; Schema: public; Owner: goodreads_clone_dev
--

ALTER TABLE ONLY public.books_book_genres
    ADD CONSTRAINT books_book_genres_genre_id_899cd1a0_fk_books_genre_id FOREIGN KEY (genre_id) REFERENCES public.books_genre(id) DEFERRABLE INITIALLY DEFERRED;


--
-- Name: books_bookreview books_bookreview_book_id_9c5fb3f1_fk_books_book_id; Type: FK CONSTRAINT; Schema: public; Owner: goodreads_clone_dev
--

ALTER TABLE ONLY public.books_bookreview
    ADD CONSTRAINT books_bookreview_book_id_9c5fb3f1_fk_books_book_id FOREIGN KEY (book_id) REFERENCES public.books_book(id) DEFERRABLE INITIALLY DEFERRED;


--
-- Name: books_bookreview books_bookreview_user_id_a5746a0f_fk_users_customuser_id; Type: FK CONSTRAINT; Schema: public; Owner: goodreads_clone_dev
--

ALTER TABLE ONLY public.books_bookreview
    ADD CONSTRAINT books_bookreview_user_id_a5746a0f_fk_users_customuser_id FOREIGN KEY (user_id) REFERENCES public.users_customuser(id) DEFERRABLE INITIALLY DEFERRED;


--
-- Name: communities_comment communities_comment_post_id_d0c53ca7_fk_communities_post_id; Type: FK CONSTRAINT; Schema: public; Owner: goodreads_clone_dev
--

ALTER TABLE ONLY public.communities_comment
    ADD CONSTRAINT communities_comment_post_id_d0c53ca7_fk_communities_post_id FOREIGN KEY (post_id) REFERENCES public.communities_post(id) DEFERRABLE INITIALLY DEFERRED;


--
-- Name: communities_comment communities_comment_user_id_ee1f09c9_fk_users_customuser_id; Type: FK CONSTRAINT; Schema: public; Owner: goodreads_clone_dev
--

ALTER TABLE ONLY public.communities_comment
    ADD CONSTRAINT communities_comment_user_id_ee1f09c9_fk_users_customuser_id FOREIGN KEY (user_id) REFERENCES public.users_customuser(id) DEFERRABLE INITIALLY DEFERRED;


--
-- Name: communities_community_members communities_communit_community_id_f5c4f11d_fk_communiti; Type: FK CONSTRAINT; Schema: public; Owner: goodreads_clone_dev
--

ALTER TABLE ONLY public.communities_community_members
    ADD CONSTRAINT communities_communit_community_id_f5c4f11d_fk_communiti FOREIGN KEY (community_id) REFERENCES public.communities_community(id) DEFERRABLE INITIALLY DEFERRED;


--
-- Name: communities_community_members communities_communit_customuser_id_c5851829_fk_users_cus; Type: FK CONSTRAINT; Schema: public; Owner: goodreads_clone_dev
--

ALTER TABLE ONLY public.communities_community_members
    ADD CONSTRAINT communities_communit_customuser_id_c5851829_fk_users_cus FOREIGN KEY (customuser_id) REFERENCES public.users_customuser(id) DEFERRABLE INITIALLY DEFERRED;


--
-- Name: communities_community communities_community_owner_id_15a7d936_fk_users_customuser_id; Type: FK CONSTRAINT; Schema: public; Owner: goodreads_clone_dev
--

ALTER TABLE ONLY public.communities_community
    ADD CONSTRAINT communities_community_owner_id_15a7d936_fk_users_customuser_id FOREIGN KEY (owner_id) REFERENCES public.users_customuser(id) DEFERRABLE INITIALLY DEFERRED;


--
-- Name: communities_like communities_like_post_id_667ccf7e_fk_communities_post_id; Type: FK CONSTRAINT; Schema: public; Owner: goodreads_clone_dev
--

ALTER TABLE ONLY public.communities_like
    ADD CONSTRAINT communities_like_post_id_667ccf7e_fk_communities_post_id FOREIGN KEY (post_id) REFERENCES public.communities_post(id) DEFERRABLE INITIALLY DEFERRED;


--
-- Name: communities_like communities_like_user_id_0ef24ed6_fk_users_customuser_id; Type: FK CONSTRAINT; Schema: public; Owner: goodreads_clone_dev
--

ALTER TABLE ONLY public.communities_like
    ADD CONSTRAINT communities_like_user_id_0ef24ed6_fk_users_customuser_id FOREIGN KEY (user_id) REFERENCES public.users_customuser(id) DEFERRABLE INITIALLY DEFERRED;


--
-- Name: communities_post communities_post_community_id_7d7b8cf5_fk_communiti; Type: FK CONSTRAINT; Schema: public; Owner: goodreads_clone_dev
--

ALTER TABLE ONLY public.communities_post
    ADD CONSTRAINT communities_post_community_id_7d7b8cf5_fk_communiti FOREIGN KEY (community_id) REFERENCES public.communities_community(id) DEFERRABLE INITIALLY DEFERRED;


--
-- Name: communities_post communities_post_user_id_91c3d7b0_fk_users_customuser_id; Type: FK CONSTRAINT; Schema: public; Owner: goodreads_clone_dev
--

ALTER TABLE ONLY public.communities_post
    ADD CONSTRAINT communities_post_user_id_91c3d7b0_fk_users_customuser_id FOREIGN KEY (user_id) REFERENCES public.users_customuser(id) DEFERRABLE INITIALLY DEFERRED;


--
-- Name: django_admin_log django_admin_log_content_type_id_c4bce8eb_fk_django_co; Type: FK CONSTRAINT; Schema: public; Owner: goodreads_clone_dev
--

ALTER TABLE ONLY public.django_admin_log
    ADD CONSTRAINT django_admin_log_content_type_id_c4bce8eb_fk_django_co FOREIGN KEY (content_type_id) REFERENCES public.django_content_type(id) DEFERRABLE INITIALLY DEFERRED;


--
-- Name: django_admin_log django_admin_log_user_id_c564eba6_fk_users_customuser_id; Type: FK CONSTRAINT; Schema: public; Owner: goodreads_clone_dev
--

ALTER TABLE ONLY public.django_admin_log
    ADD CONSTRAINT django_admin_log_user_id_c564eba6_fk_users_customuser_id FOREIGN KEY (user_id) REFERENCES public.users_customuser(id) DEFERRABLE INITIALLY DEFERRED;


--
-- Name: shelves_shelf shelves_shelf_user_id_3b6c4a0f_fk_users_customuser_id; Type: FK CONSTRAINT; Schema: public; Owner: goodreads_clone_dev
--

ALTER TABLE ONLY public.shelves_shelf
    ADD CONSTRAINT shelves_shelf_user_id_3b6c4a0f_fk_users_customuser_id FOREIGN KEY (user_id) REFERENCES public.users_customuser(id) DEFERRABLE INITIALLY DEFERRED;


--
-- Name: shelves_shelfbook shelves_shelfbook_book_id_033d1284_fk_books_book_id; Type: FK CONSTRAINT; Schema: public; Owner: goodreads_clone_dev
--

ALTER TABLE ONLY public.shelves_shelfbook
    ADD CONSTRAINT shelves_shelfbook_book_id_033d1284_fk_books_book_id FOREIGN KEY (book_id) REFERENCES public.books_book(id) DEFERRABLE INITIALLY DEFERRED;


--
-- Name: shelves_shelfbook shelves_shelfbook_shelf_id_9879fbc6_fk_shelves_shelf_id; Type: FK CONSTRAINT; Schema: public; Owner: goodreads_clone_dev
--

ALTER TABLE ONLY public.shelves_shelfbook
    ADD CONSTRAINT shelves_shelfbook_shelf_id_9879fbc6_fk_shelves_shelf_id FOREIGN KEY (shelf_id) REFERENCES public.shelves_shelf(id) DEFERRABLE INITIALLY DEFERRED;


--
-- Name: users_customuser_groups users_customuser_gro_customuser_id_958147bf_fk_users_cus; Type: FK CONSTRAINT; Schema: public; Owner: goodreads_clone_dev
--

ALTER TABLE ONLY public.users_customuser_groups
    ADD CONSTRAINT users_customuser_gro_customuser_id_958147bf_fk_users_cus FOREIGN KEY (customuser_id) REFERENCES public.users_customuser(id) DEFERRABLE INITIALLY DEFERRED;


--
-- Name: users_customuser_user_permissions users_customuser_use_customuser_id_5771478b_fk_users_cus; Type: FK CONSTRAINT; Schema: public; Owner: goodreads_clone_dev
--

ALTER TABLE ONLY public.users_customuser_user_permissions
    ADD CONSTRAINT users_customuser_use_customuser_id_5771478b_fk_users_cus FOREIGN KEY (customuser_id) REFERENCES public.users_customuser(id) DEFERRABLE INITIALLY DEFERRED;


--
-- Name: SCHEMA public; Type: ACL; Schema: -; Owner: pg_database_owner
--

GRANT ALL ON SCHEMA public TO goodreads_clone_dev;


--
-- PostgreSQL database dump complete
--

